--
-- PostgreSQL database dump
--

-- Dumped from database version 12.11
-- Dumped by pg_dump version 12.11

SET statement_timeout = 0;
SET lock_timeout = 0;
SET idle_in_transaction_session_timeout = 0;
SET client_encoding = 'UTF8';
SET standard_conforming_strings = on;
SELECT pg_catalog.set_config('search_path', '', false);
SET check_function_bodies = false;
SET xmloption = content;
SET client_min_messages = warning;
SET row_security = off;

DROP DATABASE IF EXISTS students;
--
-- Name: students; Type: DATABASE; Schema: -; Owner: postgres
--

CREATE DATABASE students WITH TEMPLATE = template0 ENCODING = 'UTF8' LC_COLLATE = 'English_United States.1251' LC_CTYPE = 'English_United States.1251';


ALTER DATABASE students OWNER TO postgres;

\connect students

SET statement_timeout = 0;
SET lock_timeout = 0;
SET idle_in_transaction_session_timeout = 0;
SET client_encoding = 'UTF8';
SET standard_conforming_strings = on;
SELECT pg_catalog.set_config('search_path', '', false);
SET check_function_bodies = false;
SET xmloption = content;
SET client_min_messages = warning;
SET row_security = off;

SET default_tablespace = '';

SET default_table_access_method = heap;

--
-- Name: class; Type: TABLE; Schema: public; Owner: postgres
--

CREATE TABLE public.class (
    id integer NOT NULL,
    name character varying(100) NOT NULL,
    created_date timestamp without time zone DEFAULT now(),
    is_active boolean DEFAULT true
);


ALTER TABLE public.class OWNER TO postgres;

--
-- Name: class_id_seq; Type: SEQUENCE; Schema: public; Owner: postgres
--

CREATE SEQUENCE public.class_id_seq
    AS integer
    START WITH 1
    INCREMENT BY 1
    NO MINVALUE
    NO MAXVALUE
    CACHE 1;


ALTER TABLE public.class_id_seq OWNER TO postgres;

--
-- Name: class_id_seq; Type: SEQUENCE OWNED BY; Schema: public; Owner: postgres
--

ALTER SEQUENCE public.class_id_seq OWNED BY public.class.id;


--
-- Name: groups; Type: TABLE; Schema: public; Owner: postgres
--

CREATE TABLE public.groups (
    id integer NOT NULL,
    name character varying,
    created_date timestamp without time zone DEFAULT now(),
    is_active boolean DEFAULT true,
    class_id integer
);


ALTER TABLE public.groups OWNER TO postgres;

--
-- Name: groups_id_seq; Type: SEQUENCE; Schema: public; Owner: postgres
--

CREATE SEQUENCE public.groups_id_seq
    AS integer
    START WITH 1
    INCREMENT BY 1
    NO MINVALUE
    NO MAXVALUE
    CACHE 1;


ALTER TABLE public.groups_id_seq OWNER TO postgres;

--
-- Name: groups_id_seq; Type: SEQUENCE OWNED BY; Schema: public; Owner: postgres
--

ALTER SEQUENCE public.groups_id_seq OWNED BY public.groups.id;


--
-- Name: mark; Type: TABLE; Schema: public; Owner: postgres
--

CREATE TABLE public.mark (
    id integer NOT NULL,
    ball double precision NOT NULL,
    created_date timestamp without time zone DEFAULT now(),
    student_id integer,
    subject_id integer,
    class_id integer
);


ALTER TABLE public.mark OWNER TO postgres;

--
-- Name: mark_id_seq; Type: SEQUENCE; Schema: public; Owner: postgres
--

CREATE SEQUENCE public.mark_id_seq
    AS integer
    START WITH 1
    INCREMENT BY 1
    NO MINVALUE
    NO MAXVALUE
    CACHE 1;


ALTER TABLE public.mark_id_seq OWNER TO postgres;

--
-- Name: mark_id_seq; Type: SEQUENCE OWNED BY; Schema: public; Owner: postgres
--

ALTER SEQUENCE public.mark_id_seq OWNED BY public.mark.id;


--
-- Name: my_query; Type: TABLE; Schema: public; Owner: postgres
--

CREATE TABLE public.my_query (
    id integer NOT NULL,
    key character varying(50) NOT NULL,
    sql_text character varying NOT NULL
);


ALTER TABLE public.my_query OWNER TO postgres;

--
-- Name: my_query_id_seq; Type: SEQUENCE; Schema: public; Owner: postgres
--

CREATE SEQUENCE public.my_query_id_seq
    AS integer
    START WITH 1
    INCREMENT BY 1
    NO MINVALUE
    NO MAXVALUE
    CACHE 1;


ALTER TABLE public.my_query_id_seq OWNER TO postgres;

--
-- Name: my_query_id_seq; Type: SEQUENCE OWNED BY; Schema: public; Owner: postgres
--

ALTER SEQUENCE public.my_query_id_seq OWNED BY public.my_query.id;


--
-- Name: students; Type: TABLE; Schema: public; Owner: postgres
--

CREATE TABLE public.students (
    id integer NOT NULL,
    first_name character varying,
    last_name character varying,
    phone character varying,
    group_id integer,
    created_date timestamp without time zone DEFAULT now(),
    is_active boolean DEFAULT true,
    email character varying,
    code character varying(50)
);


ALTER TABLE public.students OWNER TO postgres;

--
-- Name: students_id_seq; Type: SEQUENCE; Schema: public; Owner: postgres
--

CREATE SEQUENCE public.students_id_seq
    AS integer
    START WITH 1
    INCREMENT BY 1
    NO MINVALUE
    NO MAXVALUE
    CACHE 1;


ALTER TABLE public.students_id_seq OWNER TO postgres;

--
-- Name: students_id_seq; Type: SEQUENCE OWNED BY; Schema: public; Owner: postgres
--

ALTER SEQUENCE public.students_id_seq OWNED BY public.students.id;


--
-- Name: subject; Type: TABLE; Schema: public; Owner: postgres
--

CREATE TABLE public.subject (
    id integer NOT NULL,
    name character varying(100) NOT NULL,
    tag character varying(50),
    created_date timestamp without time zone DEFAULT now(),
    class_id integer,
    is_active boolean DEFAULT true
);


ALTER TABLE public.subject OWNER TO postgres;

--
-- Name: subject_id_seq; Type: SEQUENCE; Schema: public; Owner: postgres
--

CREATE SEQUENCE public.subject_id_seq
    AS integer
    START WITH 1
    INCREMENT BY 1
    NO MINVALUE
    NO MAXVALUE
    CACHE 1;


ALTER TABLE public.subject_id_seq OWNER TO postgres;

--
-- Name: subject_id_seq; Type: SEQUENCE OWNED BY; Schema: public; Owner: postgres
--

ALTER SEQUENCE public.subject_id_seq OWNED BY public.subject.id;


--
-- Name: class id; Type: DEFAULT; Schema: public; Owner: postgres
--

ALTER TABLE ONLY public.class ALTER COLUMN id SET DEFAULT nextval('public.class_id_seq'::regclass);


--
-- Name: groups id; Type: DEFAULT; Schema: public; Owner: postgres
--

ALTER TABLE ONLY public.groups ALTER COLUMN id SET DEFAULT nextval('public.groups_id_seq'::regclass);


--
-- Name: mark id; Type: DEFAULT; Schema: public; Owner: postgres
--

ALTER TABLE ONLY public.mark ALTER COLUMN id SET DEFAULT nextval('public.mark_id_seq'::regclass);


--
-- Name: my_query id; Type: DEFAULT; Schema: public; Owner: postgres
--

ALTER TABLE ONLY public.my_query ALTER COLUMN id SET DEFAULT nextval('public.my_query_id_seq'::regclass);


--
-- Name: students id; Type: DEFAULT; Schema: public; Owner: postgres
--

ALTER TABLE ONLY public.students ALTER COLUMN id SET DEFAULT nextval('public.students_id_seq'::regclass);


--
-- Name: subject id; Type: DEFAULT; Schema: public; Owner: postgres
--

ALTER TABLE ONLY public.subject ALTER COLUMN id SET DEFAULT nextval('public.subject_id_seq'::regclass);


--
-- Data for Name: class; Type: TABLE DATA; Schema: public; Owner: postgres
--

COPY public.class (id, name, created_date, is_active) FROM stdin;
1	1-sinf	2022-09-15 16:53:17.202906	t
2	2-sinf	2022-09-15 16:54:03.907666	t
8	asdasd	2022-09-15 17:07:10.747881	t
10	string	2022-09-15 17:58:52.516133	t
\.


--
-- Data for Name: groups; Type: TABLE DATA; Schema: public; Owner: postgres
--

COPY public.groups (id, name, created_date, is_active, class_id) FROM stdin;
2	5-guruh	2022-09-07 16:52:40.626182	t	1
5	6-guruh	2022-09-13 17:56:14.946622	t	1
4	N2	2022-09-13 17:00:03.296964	t	1
3	7-guruh	2022-09-07 17:53:22.136801	t	1
1	1-guruh	2022-09-07 16:50:50.783945	f	1
\.


--
-- Data for Name: mark; Type: TABLE DATA; Schema: public; Owner: postgres
--

COPY public.mark (id, ball, created_date, student_id, subject_id, class_id) FROM stdin;
1	4	2022-09-16 11:56:12.2945	1	1	1
3	5	2022-09-16 11:56:54.08927	3	3	1
4	3	2022-09-16 11:56:54.08927	3	3	1
2	2	2022-09-16 16:56:22	2	3	1
5	5	2022-09-16 11:56:12.2945	1	2	1
6	1	2022-09-17 12:05:50.282761	1	3	\N
7	5	2022-09-17 12:11:18.289251	12	1	\N
8	4	2022-09-17 12:11:18.289251	12	2	\N
9	2	2022-09-17 12:11:18.289251	12	3	\N
\.


--
-- Data for Name: my_query; Type: TABLE DATA; Schema: public; Owner: postgres
--

COPY public.my_query (id, key, sql_text) FROM stdin;
1	group_count	select count(*) as group_count from groups where is_active = true and class_id = ?
2	student_count	select count(s) as student_count from groups g left join students s on g.id = s.group_id where g.is_active=true and g.class_id = ? and s.is_active = true
3	s_g_count_all	select count(s) as student_count, count(g) as group_count from groups g left join students s on g.id = s.group_id where g.is_active=true and g.class_id = ? and s.is_active = true
4	mark_avg_class	select round(coalesce(avg(ball),0 )::numeric,2) as mark_avg  from mark where class_id = ?
5	max_ball_group	select round(avg(m.ball)::numeric, 2) as max_ball, g.name as group_name  from groups g left join students s on g.id = s.group_id left join mark m on s.id = m.student_id and g.class_id = ? group by g.id having avg(m.ball) is not null order by avg(m.ball) desc limit 1
6	students_byGroup	select first_name, last_name, phone from students where is_active = true and group_id = ?
7	min_ball_group	select round(avg(m.ball)::numeric, 2) as min_ball, g.name as group_name  from groups g left join students s on g.id = s.group_id left join mark m on s.id = m.student_id and g.class_id = ? group by g.id having avg(m.ball) is not null order by avg(m.ball) limit 1
8	max_ball_subject_all_class	select g.class_id "Class", g.name "Group Name", s.first_name "Student Name", s.last_name "Last Name", sub.name "Subject", m.ball "Max Mark" from groups g left join students s on s.group_id = g.id left join mark m on m.student_id = s.id left join subject sub on sub.class_id = m.class_id where sub.id = ? order by m.ball desc limit 1
9	min_ball_subject_all_class	select g.class_id "Class", g.name "Group Name", s.first_name "Student Name", s.last_name "Last Name", sub.name "Subject", m.ball "Min Mark" from groups g left join students s on s.group_id = g.id  left join mark m on m.student_id = s.id left join subject sub on sub.class_id = m.class_id where sub.id = ? order by m.ball limit 1\n
12	subject_group_high_student	select s.first_name "Student Name", s.last_name "Last Name", g.name "Group Name", m.ball "Max Mark", sub.name "Subject", (select count(*) from students where group_id = g.id) "Number of students in the group" from students s left join groups g on g.id = s.group_id  left join mark m on m.student_id = s.id left join subject sub on sub.id = m.subject_id where g.id = ? and sub.id = ? and m.ball is not null order by m.ball desc limit 1\n
11	max_ball_in_group_from_all_subject	select s.first_name "Student Name", s.last_name "Last Name", g.name "Group Name", m.ball "Max Mark in Group", sub.name "Subject", (select count(*) from students where group_id = g.id) "Number of students in the group" from students s left join groups g on g.id = s.group_id left join mark m on m.student_id = s.id left join subject sub on sub.id = m.subject_id where g.id = ? and m.ball is not null order by m.ball desc limit 1\n
10	min_ball_in_group_from_all_subject	select s.first_name "Student Name", s.last_name "Last Name", g.name "Group Name", m.ball "Min Mark in Group", sub.name "Subject", (select count(*) from students where group_id = g.id) "Number of students in the group" from students s left join groups g on g.id = s.group_id left join mark m on m.student_id = s.id left join subject sub on sub.id = m.subject_id where g.id = ? and m.ball is not null order by m.ball limit 1\n
13	subject_group_low_student	select s.first_name "Student Name", s.last_name "Last Name", g.name "Group Name", m.ball "Min Mark", sub.name "Subject", (select count(*) from students where group_id = g.id) "Number of students in the group" from students s left join groups g on g.id = s.group_id  left join mark m on m.student_id = s.id left join subject sub on sub.id = m.subject_id where g.id = ? and sub.id = ? and m.ball is not null order by m.ball limit 1
\.


--
-- Data for Name: students; Type: TABLE DATA; Schema: public; Owner: postgres
--

COPY public.students (id, first_name, last_name, phone, group_id, created_date, is_active, email, code) FROM stdin;
1	Ismoil	Miraliyev	12314124	2	2022-09-07 17:50:05.89595	t	\N	\N
12	Bayard	Kinchin	4222530013	2	2022-09-16 12:48:03.274161	t	bkinchin3@adobe.com	\N
14	Danie	Pashbee	5424132242	3	2022-09-16 12:48:03.431247	t	dpashbee5@nature.com	\N
15	Raddy	Littler	4454533323	3	2022-09-16 12:48:03.51907	t	rlittler5@php.net	\N
16	Alano	Cooley	5253452552	3	2022-09-16 12:48:03.830784	t	acooley3@macromedia.com	\N
17	Brandy	Drohun	345345100	1	2022-09-16 12:48:03.85885	t	bdrohun4@china.com.cn	\N
18	Shepard	Pilbury	5242254315	5	2022-09-16 12:48:03.93306	t	spilbury2@shareasale.com	\N
19	Hugh	Ferier	225421152	5	2022-09-16 12:48:03.965078	t	hferiera@tuttocitta.it	\N
20	Petronia	Newbury	3403322524	2	2022-09-16 12:48:04.014369	t	pnewburyb@typepad.com	\N
21	Reagan	Stanger	5224314520	1	2022-09-16 12:48:04.068182	t	rstangerc@msu.edu	\N
22	Avivah	Mohammed	144524410	4	2022-09-16 12:48:04.085653	t	amohammedd@google.pl	\N
23	Bekki	Dalrymple	3015345522	5	2022-09-16 12:48:04.124142	t	bdalrymplee@mlb.com	\N
24	Elvina	Evitts	3435140343	3	2022-09-16 12:48:04.193511	t	eevittsf@economist.com	\N
25	Lennard	Dummett	5235154432	5	2022-09-16 12:48:04.285101	t	ldummettg@mashable.com	\N
26	Sly	Grimsditch	3254524234	1	2022-09-16 12:48:04.364423	t	sgrimsditchh@booking.com	\N
27	Dudley	Argont	4152203343	3	2022-09-16 12:48:04.415944	t	dargonti@jiathis.com	\N
28	Milt	Cleeves	2444521440	3	2022-09-16 12:48:04.478712	t	mcleevesj@techcrunch.com	\N
29	Freddie	Finlow	425453124	5	2022-09-16 12:48:04.751408	t	ffinlowk@devhub.com	\N
30	Dionis	Frounks	3535315355	4	2022-09-16 12:48:04.854753	t	dfrounksl@harvard.edu	\N
31	Rutter	Crockley	2204231243	2	2022-09-16 12:48:04.941947	t	rcrockleym@sphinn.com	\N
32	Benn	Forsdike	2335053500	3	2022-09-16 12:48:04.959492	t	bforsdiken@1und1.de	\N
33	Shelbi	Perryman	2215433135	1	2022-09-16 12:48:05.140915	t	sperrymano@netlog.com	\N
34	Goldi	Oades	3432352132	4	2022-09-16 12:48:05.252761	t	goadesp@vkontakte.ru	\N
35	Chip	Grebner	3312324442	4	2022-09-16 12:48:05.363556	t	cgrebnerq@discovery.com	\N
36	Anthiathia	Cattermole	3522005033	2	2022-09-16 12:48:05.416983	t	acattermoler@dion.ne.jp	\N
37	Whittaker	Clausius	2325344232	5	2022-09-16 12:48:05.50322	t	wclausiuss@imdb.com	\N
38	Paton	Paylor	4535505442	1	2022-09-16 12:48:05.561488	t	ppaylort@unc.edu	\N
39	Randal	Scollan	5124433232	5	2022-09-16 12:48:05.657773	t	rscollanu@yellowbook.com	\N
40	Marnie	Bister	2234533335	2	2022-09-16 12:48:05.846987	t	mbisterv@a4.net	\N
41	Adams	Greenmon	4235052140	2	2022-09-16 12:48:05.90694	t	agreenmonw@paginegialle.it	\N
42	Kata	Kingh	2334223343	3	2022-09-16 12:48:05.933707	t	kkinghx@nba.com	\N
43	Crista	Wimes	203431152	2	2022-09-16 12:48:05.957046	t	cwimesy@stanford.edu	\N
44	Dedie	Whiteland	5115312542	3	2022-09-16 12:48:05.97832	t	dwhitelandz@cyberchimps.com	\N
45	Perkin	McCard	4035423435	3	2022-09-16 12:48:06.051711	t	pmccard1@sakura.ne.jp	\N
46	Bobbee	Heales	2224353142	4	2022-09-16 12:48:06.08661	t	bheales11@dot.gov	\N
47	Rhianna	Longhi	3213244252	4	2022-09-16 12:48:06.105918	t	rlonghi12@state.tx.us	\N
48	Shea	Rasp	4533342001	5	2022-09-16 12:48:06.140606	t	srasp13@omniture.com	\N
49	Terrell	Folk	4141234022	1	2022-09-16 12:48:06.186347	t	tfolk14@usda.gov	\N
50	Darryl	Jiggens	5355552413	2	2022-09-16 12:48:06.202317	t	djiggens15@desdev.cn	\N
51	Eryn	Barnes	4553150123	3	2022-09-16 12:48:06.235454	t	ebarnes15@homestead.com	\N
52	Sela	Rayworth	5505415542	4	2022-09-16 12:48:06.29674	t	srayworth13@hatena.ne.jp	\N
53	Frankie	Matschke	5521342302	5	2022-09-16 12:48:07.264234	t	fmatschke14@howstuffworks.com	\N
54	Kiah	Munnery	2145340051	4	2022-09-16 12:48:07.297122	t	kmunnery12@cnbc.com	\N
55	Bendicty	Penwarden	2455222054	1	2022-09-16 12:48:07.367171	t	bpenwarden1a@mail.ru	\N
56	Wallis	Sleit	3423430502	2	2022-09-16 12:48:07.45339	t	wsleit1b@tinyurl.com	\N
57	Persis	Phelps	3212225232	3	2022-09-16 12:48:07.474765	t	pphelps1c@google.co.jp	\N
58	Deloria	De Vile	2023150525	4	2022-09-16 12:48:07.517074	t	ddevile1d@bing.com	\N
59	Rubie	Fantin	2024550323	1	2022-09-16 12:48:07.549969	t	rfantin1e@sogou.com	\N
60	Clementine	Grogor	3442325522	2	2022-09-16 12:48:07.622129	t	cgrogor1f@yellowpages.com	\N
61	Nydia	Godfroy	3322025522	5	2022-09-16 12:48:07.650646	t	ngodfroy1g@google.com.au	\N
62	Kristoffer	Massey	5325424555	4	2022-09-16 12:48:07.670235	t	kmassey1h@biblegateway.com	\N
63	Consuelo	Buttel	4341502325	4	2022-09-16 12:48:07.781198	t	cbuttel1i@w3.org	\N
64	Kiley	Hastwall	3022245334	3	2022-09-16 12:48:07.848161	t	khastwall1j@edublogs.org	\N
65	Rhodie	Spridgen	5354354324	2	2022-09-16 12:48:07.886544	t	rspridgen1k@photobucket.com	\N
66	Selle	Keyho	2043243312	2	2022-09-16 12:48:08.037141	t	skeyho1l@miibeian.gov.cn	\N
67	Bancroft	Charville	1341312232	2	2022-09-16 12:48:08.198137	t	bcharville1m@salon.com	\N
68	Sheri	Noblett	2235344503	4	2022-09-16 12:48:08.376403	t	snoblett1n@nhs.uk	\N
69	Joseph	Pykett	2332341353	2	2022-09-16 12:48:08.664306	t	jpykett1o@ezinearticles.com	\N
70	Dee dee	Izchaki	2443334234	4	2022-09-16 12:48:08.812586	t	dizchaki1p@sun.com	\N
71	Renado	Brownlea	5401214254	2	2022-09-16 12:48:08.897034	t	rbrownlea1q@disqus.com	\N
72	Zared	Stapele	3232455552	3	2022-09-16 12:48:09.000422	t	zstapele1r@unblog.fr	\N
73	Lorenza	Liptrot	403133243	4	2022-09-16 12:48:09.223349	t	lliptrot1s@google.cn	\N
74	Paten	Ellissen	2455445533	1	2022-09-16 12:48:09.269336	t	pellissen1t@g.co	\N
75	Sosanna	Sinkin	554445132	1	2022-09-16 12:48:09.430063	t	ssinkin1u@indiatimes.com	\N
76	Correna	Jakovijevic	2004205120	4	2022-09-16 12:48:09.528174	t	cjakovijevic1v@mediafire.com	\N
77	Bordy	Marten	2423551120	4	2022-09-16 12:48:09.72385	t	bmarten1w@live.com	\N
78	Colline	Gillicuddy	5214550532	1	2022-09-16 12:48:09.762511	t	cgillicuddy1x@woothemes.com	\N
3	Elbek	test_3d493bdc9078	test_453a28d88f0e	3	2022-09-07 17:53:49.971004	f	\N	\N
8	Elbek	test_3d493bdc9078	test_453a28d88f0e	3	2022-09-09 17:14:00.232137	f	ismoilmiraliyev@gmail.com	\N
11	Skipton	Cowin	5222422325	2	2022-09-16 12:48:03.161129	t	scowin2@pcworld.com	\N
13	Mariana	Guiduzzi	1204253232	2	2022-09-16 12:48:03.365461	t	mguiduzzi4@edublogs.org	\N
79	Tiebold	Kitchingman	4355515320	1	2022-09-16 12:48:09.877696	t	tkitchingman1y@paginegialle.it	\N
80	Gracie	Badman	313145454	2	2022-09-16 12:48:09.919096	t	gbadman1z@nytimes.com	\N
81	Gretchen	Cowitz	4525042435	2	2022-09-16 12:48:09.956246	t	gcowitz20@aol.com	\N
82	Issy	Baddow	3134204533	1	2022-09-16 12:48:10.248488	t	ibaddow21@sciencedaily.com	\N
83	Harold	Nozzolii	4432530513	4	2022-09-16 12:48:10.279832	t	hnozzolii22@jigsy.com	\N
84	Blake	Featherby	2305045302	3	2022-09-16 12:48:10.416958	t	bfeatherby23@typepad.com	\N
85	Timmi	Whibley	4542545453	3	2022-09-16 12:48:10.538454	t	twhibley24@mlb.com	\N
86	Boycey	Calafato	5325545554	4	2022-09-16 12:48:10.659776	t	bcalafato25@mayoclinic.com	\N
87	Jeromy	Jonathon	4444321351	1	2022-09-16 12:48:10.73585	t	jjonathon25@istockphoto.com	\N
88	Sterling	Mochar	4245352130	5	2022-09-16 12:48:10.84604	t	smochar23@feedburner.com	\N
89	Mickey	Primmer	2554423555	1	2022-09-16 12:48:10.987727	t	mprimmer24@who.int	\N
90	Benita	Wesgate	4545402445	1	2022-09-16 12:48:11.129196	t	bwesgate22@un.org	\N
91	Sandy	Colmer	2255544442	4	2022-09-16 12:48:11.174793	t	scolmer2a@shutterfly.com	\N
92	Thatcher	Extil	3044231533	2	2022-09-16 12:48:11.244513	t	textil2b@multiply.com	\N
93	Wald	Meininger	2445544352	5	2022-09-16 12:48:11.282884	t	wmeininger2c@oaic.gov.au	\N
94	Lishe	Maccaddie	5125453253	3	2022-09-16 12:48:12.098726	t	lmaccaddie2d@google.co.uk	\N
95	Bjorn	Petrenko	445131132	3	2022-09-16 12:48:12.270247	t	bpetrenko2e@chicagotribune.com	\N
96	Emylee	Jury	2114434131	2	2022-09-16 12:48:12.309415	t	ejury2f@dagondesign.com	\N
97	Jodi	Nardoni	4454134132	4	2022-09-16 12:48:12.449844	t	jnardoni2g@github.com	\N
98	Alina	Thing	4454555313	1	2022-09-16 12:48:12.579702	t	athing2h@webnode.com	\N
99	Tuck	Teodoro	5332430042	5	2022-09-16 12:48:13.10907	t	tteodoro2i@sphinn.com	\N
100	Janeva	Rigard	4252234545	1	2022-09-16 12:48:13.133653	t	jrigard2j@webs.com	\N
101	Barbaraanne	Pellitt	3352052544	3	2022-09-16 12:48:13.243572	t	bpellitt2k@ted.com	\N
102	Hermine	Coburn	5054532213	3	2022-09-16 12:48:13.588013	t	hcoburn2l@howstuffworks.com	\N
103	Torrance	Cadding	5425441315	2	2022-09-16 12:48:13.703843	t	tcadding2m@webmd.com	\N
104	Laurie	Aulds	4344043200	4	2022-09-16 12:48:13.893547	t	laulds2n@miibeian.gov.cn	\N
105	Rochella	Took	2521433321	4	2022-09-16 12:48:13.967582	t	rtook2o@gov.uk	\N
106	Ingemar	Skydall	233520105	1	2022-09-16 12:48:14.000375	t	iskydall2p@amazon.co.uk	\N
107	Jae	Franzke	3304343324	2	2022-09-16 12:48:14.153156	t	jfranzke2q@microsoft.com	\N
108	Stacie	Bellows	2531514303	4	2022-09-16 12:48:14.397324	t	sbellows2r@youku.com	\N
109	Virgilio	Hercules	5332521552	5	2022-09-16 12:48:14.455334	t	vhercules2s@facebook.com	\N
110	Andris	Lilly	2125523212	2	2022-09-16 12:48:14.577186	t	alilly2t@prlog.org	\N
111	Jeana	Boxe	2433424423	4	2022-09-16 12:48:14.712824	t	jboxe2u@vistaprint.com	\N
112	Britney	Mathews	3534303224	3	2022-09-16 12:48:14.766212	t	bmathews2v@trellian.com	\N
113	Terrance	Craine	4044113402	1	2022-09-16 12:48:14.78864	t	tcraine2w@elpais.com	\N
114	Harlene	Hughman	3032243122	1	2022-09-16 12:48:14.988428	t	hhughman2x@dagondesign.com	\N
115	Aliza	Burgher	4422125034	4	2022-09-16 12:48:15.104725	t	aburgher2y@sfgate.com	\N
116	Svend	Travers	4433120324	4	2022-09-16 12:48:15.187861	t	stravers2z@ustream.tv	\N
117	Armando	Dyster	3524535354	3	2022-09-16 12:48:15.32392	t	adyster30@delicious.com	\N
118	Glyn	Durban	3535353245	3	2022-09-16 12:48:15.34029	t	gdurban31@statcounter.com	\N
119	Dedie	Dunnico	1425123234	5	2022-09-16 12:48:15.416926	t	ddunnico32@godaddy.com	\N
120	Babita	Skehens	4133025344	2	2022-09-16 12:48:15.511618	t	bskehens33@hp.com	\N
121	Evelyn	McAlarney	5434253442	2	2022-09-16 12:48:15.527659	t	emcalarney34@archive.org	\N
122	Katrine	Weddeburn - Scrimgeour	2555231422	1	2022-09-16 12:48:15.547515	t	kweddeburnscrimgeour35@guardian.co.uk	\N
123	Gilligan	Elgram	4445323314	3	2022-09-16 12:48:15.564669	t	gelgram35@hp.com	\N
124	Zak	Snufflebottom	4032022222	1	2022-09-16 12:48:15.609842	t	zsnufflebottom33@apple.com	\N
125	Sheppard	Hethron	4321513243	4	2022-09-16 12:48:15.713463	t	shethron34@prweb.com	\N
126	Sanders	Cicculi	4042422325	1	2022-09-16 12:48:15.734719	t	scicculi32@blogs.com	\N
127	Tonye	Aaronson	1154150414	2	2022-09-16 12:48:15.824291	t	taaronson3a@t.co	\N
128	Camella	Crothers	131442334	2	2022-09-16 12:48:15.847578	t	ccrothers3b@sphinn.com	\N
129	Xenia	Ransbury	4555043555	1	2022-09-16 12:48:15.884915	t	xransbury3c@cnn.com	\N
130	Veriee	McPike	2255253255	2	2022-09-16 12:48:15.920848	t	vmcpike3d@shutterfly.com	\N
131	Elihu	Race	1204304221	1	2022-09-16 12:48:15.953333	t	erace3e@nytimes.com	\N
132	Sigvard	Coxen	1235204335	1	2022-09-16 12:48:15.966086	t	scoxen3f@artisteer.com	\N
133	Luis	Glenwright	2112212415	1	2022-09-16 12:48:15.997359	t	lglenwright3g@nytimes.com	\N
134	Robbert	Canter	4345352515	5	2022-09-16 12:48:16.013201	t	rcanter3h@dailymail.co.uk	\N
135	Bil	Facchini	4522224004	3	2022-09-16 12:48:16.090687	t	bfacchini3i@php.net	\N
136	Gracia	Bengochea	555504551	1	2022-09-16 12:48:16.137968	t	gbengochea3j@wired.com	\N
137	Grissel	Chomicki	2522133442	3	2022-09-16 12:48:16.160328	t	gchomicki3k@soundcloud.com	\N
138	Ramon	Rhodef	3252005304	2	2022-09-16 12:48:16.204241	t	rrhodef3l@pinterest.com	\N
139	Gay	Niset	1512353435	5	2022-09-16 12:48:16.358176	t	gniset3m@businesswire.com	\N
140	Robina	Noulton	5424451352	4	2022-09-16 12:48:16.387671	t	rnoulton3n@yahoo.com	\N
141	Stephan	Lefort	3145342353	5	2022-09-16 12:48:16.598944	t	slefort3o@twitter.com	\N
142	Giuseppe	Rubinek	5555542334	2	2022-09-16 12:48:16.672914	t	grubinek3p@altervista.org	\N
143	Aleen	Laise	202110312	4	2022-09-16 12:48:16.735329	t	alaise3q@posterous.com	\N
144	Willie	MacIlriach	3543505302	1	2022-09-16 12:48:16.814974	t	wmacilriach3r@amazon.com	\N
145	Sophi	Jakes	5523230131	4	2022-09-16 12:48:16.854435	t	sjakes3s@123-reg.co.uk	\N
146	Scottie	Lambole	2524350050	4	2022-09-16 12:48:16.989828	t	slambole3t@rakuten.co.jp	\N
147	Garwood	Kellough	3241223220	2	2022-09-16 12:48:17.027397	t	gkellough3u@yelp.com	\N
148	Virgina	Lannen	3123034040	2	2022-09-16 12:48:17.165608	t	vlannen3v@marriott.com	\N
149	Brenn	Chapelle	3323242534	4	2022-09-16 12:48:17.208829	t	bchapelle3w@liveinternet.ru	\N
150	Jaymie	Farr	1422045443	2	2022-09-16 12:48:17.271215	t	jfarr3x@flickr.com	\N
151	Dulce	Naptin	2133253023	1	2022-09-16 12:48:17.328768	t	dnaptin3y@seattletimes.com	\N
152	Dennie	Wyvill	2224212220	5	2022-09-16 12:48:17.452869	t	dwyvill3z@telegraph.co.uk	\N
153	Krista	Dutt	4453334243	3	2022-09-16 12:48:17.534653	t	kdutt40@mozilla.org	\N
154	Isaiah	Carstairs	5554452243	3	2022-09-16 12:48:17.625413	t	icarstairs41@google.cn	\N
155	Carline	Skokoe	5501244323	4	2022-09-16 12:48:17.662206	t	cskokoe42@sakura.ne.jp	\N
156	Janina	Berre	4523204242	1	2022-09-16 12:48:17.693611	t	jberre43@addtoany.com	\N
157	Danice	Georg	213021343	5	2022-09-16 12:48:17.831626	t	dgeorg44@artisteer.com	\N
158	Myranda	Balmann	4222235542	1	2022-09-16 12:48:17.90068	t	mbalmann45@free.fr	\N
159	Caren	Wetherald	3534025555	3	2022-09-16 12:48:17.920057	t	cwetherald45@gnu.org	\N
160	Merwyn	Galilee	5343525431	3	2022-09-16 12:48:17.947771	t	mgalilee43@aol.com	\N
161	Niles	Dulwitch	2354355012	1	2022-09-16 12:48:17.990903	t	ndulwitch44@creativecommons.org	\N
162	Irving	Kiefer	5532552424	5	2022-09-16 12:48:18.026132	t	ikiefer42@google.ca	\N
163	Bobina	Pesik	3543142454	3	2022-09-16 12:48:18.04521	t	bpesik4a@uiuc.edu	\N
164	Siffre	Lindblad	3504314432	3	2022-09-16 12:48:18.091369	t	slindblad4b@ftc.gov	\N
165	Iosep	Vasichev	1302312451	4	2022-09-16 12:48:18.192615	t	ivasichev4c@angelfire.com	\N
166	Moina	Foakes	3225424035	4	2022-09-16 12:48:18.247765	t	mfoakes4d@1544.com	\N
167	Blake	Bourke	3352245422	2	2022-09-16 12:48:18.38081	t	bbourke4e@salon.com	\N
168	Sibbie	Jeanel	3444242351	2	2022-09-16 12:48:18.459776	t	sjeanel4f@rakuten.co.jp	\N
169	Daisi	Gyrgorcewicx	2254355331	3	2022-09-16 12:48:18.538577	t	dgyrgorcewicx4g@nature.com	\N
170	Lorin	Totterdill	3041205405	1	2022-09-16 12:48:18.569859	t	ltotterdill4h@msu.edu	\N
171	Maxim	Eschalotte	4433124513	1	2022-09-16 12:48:18.638015	t	meschalotte4i@cnn.com	\N
172	Chen	Paling	3253444144	3	2022-09-16 12:48:18.710831	t	cpaling4j@java.com	\N
173	Corabella	McMychem	5314321453	2	2022-09-16 12:48:18.752154	t	cmcmychem4k@rediff.com	\N
174	Rawley	Morey	3331232542	1	2022-09-16 12:48:18.875243	t	rmorey4l@hostgator.com	\N
175	Carolus	Kew	2214514433	2	2022-09-16 12:48:18.926417	t	ckew4m@intel.com	\N
176	Marshal	Plunket	4532333051	4	2022-09-16 12:48:18.999047	t	mplunket4n@cornell.edu	\N
177	Lonna	Gartshore	4532325421	5	2022-09-16 12:48:19.06082	t	lgartshore4o@cbsnews.com	\N
178	Jourdain	Kubasiewicz	3551553525	2	2022-09-16 12:48:19.10507	t	jkubasiewicz4p@symantec.com	\N
179	Bertrando	Jaram	2134245253	3	2022-09-16 12:48:19.186326	t	bjaram4q@google.ru	\N
180	Hilario	Chelsom	5223222413	2	2022-09-16 12:48:19.26352	t	hchelsom4r@usda.gov	\N
181	Clarke	Quilty	2124242333	2	2022-09-16 12:48:19.283678	t	cquilty4s@msu.edu	\N
182	Ibby	Connors	4454500522	3	2022-09-16 12:48:19.362075	t	iconnors4t@free.fr	\N
183	Felix	Struttman	2342552145	4	2022-09-16 12:48:19.501085	t	fstruttman4u@wix.com	\N
184	Lesli	Eddowis	3255344223	4	2022-09-16 12:48:19.599007	t	leddowis4v@ca.gov	\N
185	Hayyim	MacColm	2515224444	2	2022-09-16 12:48:19.656341	t	hmaccolm4w@mtv.com	\N
186	Maurita	Chyuerton	5301455535	2	2022-09-16 12:48:19.715068	t	mchyuerton4x@php.net	\N
187	Cyndi	Clandillon	5514422224	1	2022-09-16 12:48:19.898438	t	cclandillon4y@engadget.com	\N
188	Guy	Etherson	111144542	5	2022-09-16 12:48:19.969144	t	getherson4z@histats.com	\N
189	Giffy	Colles	5513312244	3	2022-09-16 12:48:20.016352	t	gcolles50@oakley.com	\N
190	Francine	Gammett	3532131213	4	2022-09-16 12:48:20.056648	t	fgammett51@furl.net	\N
191	Susi	Daleman	432512142	3	2022-09-16 12:48:20.203951	t	sdaleman52@bing.com	\N
192	Bartholemy	Suero	3445424455	4	2022-09-16 12:48:20.252483	t	bsuero53@stanford.edu	\N
193	Obadiah	Walduck	4334433242	3	2022-09-16 12:48:20.32311	t	owalduck54@surveymonkey.com	\N
194	Tedi	Alasdair	1234223502	2	2022-09-16 12:48:20.453575	t	talasdair55@issuu.com	\N
195	Alex	Hindenburg	5342052214	3	2022-09-16 12:48:20.552779	t	ahindenburg55@github.io	\N
196	Hermon	Mattes	513255335	2	2022-09-16 12:48:20.634057	t	hmattes53@t.co	\N
197	Darrelle	Nettleship	5533444552	2	2022-09-16 12:48:20.651185	t	dnettleship54@gravatar.com	\N
198	Jarad	Spawton	5442152444	1	2022-09-16 12:48:20.737673	t	jspawton52@youtube.com	\N
199	Glad	Usmar	5132022255	4	2022-09-16 12:48:20.790707	t	gusmar5a@hhs.gov	\N
200	Vanessa	Signori	3315503221	1	2022-09-16 12:48:20.91259	t	vsignori5b@timesonline.co.uk	\N
201	Annadiane	Gullen	4332541234	2	2022-09-16 12:48:21.01529	t	agullen5c@paginegialle.it	\N
202	Clifford	Bryns	2412555423	2	2022-09-16 12:48:21.034027	t	cbryns5d@ycombinator.com	\N
203	Efren	Trickett	5241222241	1	2022-09-16 12:48:21.067739	t	etrickett5e@businesswire.com	\N
204	Diane-marie	Sanchis	1554422454	1	2022-09-16 12:48:21.100462	t	dsanchis5f@etsy.com	\N
205	Juana	Pimer	4332224313	1	2022-09-16 12:48:21.121019	t	jpimer5g@tmall.com	\N
206	Pearle	Hush	4551332425	3	2022-09-16 12:48:21.198838	t	phush5h@mashable.com	\N
207	Marys	Kilbourn	4354535544	4	2022-09-16 12:48:21.349918	t	mkilbourn5i@google.pl	\N
208	Julina	Barnardo	5553325235	2	2022-09-16 12:48:21.368703	t	jbarnardo5j@bizjournals.com	\N
209	Michel	Fortesquieu	2425023234	4	2022-09-16 12:48:21.424831	t	mfortesquieu5k@wunderground.com	\N
210	Christopher	Jossum	1302034421	1	2022-09-16 12:48:21.566187	t	cjossum5l@seesaa.net	\N
211	Edyth	Tomasutti	502150501	2	2022-09-16 12:48:21.627909	t	etomasutti5m@slashdot.org	\N
212	Broddy	Fittall	2235444304	2	2022-09-16 12:48:21.81498	t	bfittall5n@digg.com	\N
213	Rayshell	Francillo	5033414024	5	2022-09-16 12:48:21.851518	t	rfrancillo5o@time.com	\N
214	Alayne	Took	3543240513	3	2022-09-16 12:48:21.872187	t	atook5p@imageshack.us	\N
215	Cele	Hails	2414554232	5	2022-09-16 12:48:21.986462	t	chails5q@google.de	\N
216	Risa	Steele	2544442423	3	2022-09-16 12:48:22.078812	t	rsteele5r@walmart.com	\N
217	Patric	Gabbitis	4152505553	4	2022-09-16 12:48:22.155664	t	pgabbitis5s@prnewswire.com	\N
218	Binky	McLugaish	1124125552	4	2022-09-16 12:48:22.260091	t	bmclugaish5t@blogs.com	\N
219	Rose	Chiplin	2252451524	2	2022-09-16 12:48:23.305125	t	rchiplin5u@slideshare.net	\N
220	Marie-ann	Wyon	3315312443	2	2022-09-16 12:48:23.432499	t	mwyon5v@taobao.com	\N
221	Lacee	Inchboard	4032522525	5	2022-09-16 12:48:23.503283	t	linchboard5w@devhub.com	\N
222	Jemimah	Haldin	2512550312	3	2022-09-16 12:48:23.809899	t	jhaldin5x@sfgate.com	\N
223	Allx	Nattriss	2333405442	4	2022-09-16 12:48:23.889588	t	anattriss5y@businessweek.com	\N
224	Kania	Norrey	5455220443	4	2022-09-16 12:48:23.936269	t	knorrey5z@mit.edu	\N
225	Russell	Diwell	3344513242	2	2022-09-16 12:48:23.970501	t	rdiwell50@123-reg.co.uk	\N
226	Becka	Scrafton	2502323052	5	2022-09-16 12:48:24.01918	t	bscrafton51@skyrock.com	\N
227	Durante	Absalom	4303453255	1	2022-09-16 12:48:24.10142	t	dabsalom52@answers.com	\N
228	Orazio	Kovnot	4424441353	2	2022-09-16 12:48:24.473615	t	okovnot53@flavors.me	\N
229	Karol	Tulk	2532555435	2	2022-09-16 12:48:24.53247	t	ktulk54@google.com.au	\N
230	Juliette	Faucherand	4245115414	5	2022-09-16 12:48:24.579663	t	jfaucherand55@adobe.com	\N
231	Tobit	Gilliland	4322322322	5	2022-09-16 12:48:24.618006	t	tgilliland55@infoseek.co.jp	\N
232	Walden	Dormon	5354435440	5	2022-09-16 12:48:24.635899	t	wdormon53@hatena.ne.jp	\N
233	Kenyon	Hallett	3544332313	1	2022-09-16 12:48:24.649261	t	khallett54@cmu.edu	\N
234	Josefa	Sodory	505415142	1	2022-09-16 12:48:24.695149	t	jsodory52@apple.com	\N
235	Griselda	Coopland	3452302111	4	2022-09-16 12:48:24.731592	t	gcoopland5a@europa.eu	\N
236	Retha	Bufton	3355114553	2	2022-09-16 12:48:24.759539	t	rbufton5b@reference.com	\N
237	Cletus	Cranstoun	1214440420	4	2022-09-16 12:48:24.776156	t	ccranstoun5c@arizona.edu	\N
238	Bobby	Marioneau	3135405355	1	2022-09-16 12:48:24.902617	t	bmarioneau5d@biglobe.ne.jp	\N
239	Maribelle	Castaner	3444115431	3	2022-09-16 12:48:24.93802	t	mcastaner5e@i2i.jp	\N
240	Deeyn	De Maine	5432352233	4	2022-09-16 12:48:24.996431	t	ddemaine5f@cnbc.com	\N
241	Krystle	Folbig	5323044454	1	2022-09-16 12:48:25.016069	t	kfolbig5g@tumblr.com	\N
242	Sarina	MacNeill	2345031515	5	2022-09-16 12:48:25.034848	t	smacneill5h@springer.com	\N
243	Pieter	Mulcahy	2032051435	3	2022-09-16 12:48:25.077331	t	pmulcahy5i@hud.gov	\N
244	Shaun	Hoggin	4344342232	4	2022-09-16 12:48:25.097332	t	shoggin5j@merriam-webster.com	\N
245	Morgan	Garnsworthy	5251450332	5	2022-09-16 12:48:25.172956	t	mgarnsworthy5k@ebay.co.uk	\N
246	Quintina	Tomsu	4441544224	2	2022-09-16 12:48:25.186751	t	qtomsu5l@answers.com	\N
247	Mollie	Brownsett	3322152445	1	2022-09-16 12:48:25.328821	t	mbrownsett5m@spiegel.de	\N
248	Sammie	MacElroy	2453024052	4	2022-09-16 12:48:25.457606	t	smacelroy5n@tuttocitta.it	\N
249	Jacklyn	Hawyes	2234325535	5	2022-09-16 12:48:25.498425	t	jhawyes5o@mozilla.org	\N
250	Gipsy	Giorgione	5223344132	3	2022-09-16 12:48:25.58159	t	ggiorgione5p@rediff.com	\N
251	Karel	Heliot	2055423023	2	2022-09-16 12:48:25.655775	t	kheliot5q@cbc.ca	\N
252	Marge	Berthon	3313515454	1	2022-09-16 12:48:25.687461	t	mberthon5r@tinyurl.com	\N
253	Morgen	Ranstead	4023044033	3	2022-09-16 12:48:25.702778	t	mranstead5s@cisco.com	\N
254	Garth	Grob	3152331242	1	2022-09-16 12:48:25.715822	t	ggrob5t@tumblr.com	\N
255	Roseann	Scoullar	4414554245	3	2022-09-16 12:48:25.74833	t	rscoullar5u@toplist.cz	\N
256	Carlynn	Chitson	3253554553	2	2022-09-16 12:48:25.795679	t	cchitson5v@153.com	\N
257	Wendeline	Mulran	2312204150	2	2022-09-16 12:48:25.816267	t	wmulran5w@tinypic.com	\N
258	Meyer	Nickell	5222154255	2	2022-09-16 12:48:25.859206	t	mnickell5x@ycombinator.com	\N
259	Jarrett	Lunam	3333001502	3	2022-09-16 12:48:25.937514	t	jlunam5y@foxnews.com	\N
260	Barbey	Kilban	5541453153	4	2022-09-16 12:48:26.017146	t	bkilban5z@unc.edu	\N
261	Cherry	Wildt	3342434341	1	2022-09-16 12:48:26.037555	t	cwildt30@scientificamerican.com	\N
262	Melva	Douce	1243021334	5	2022-09-16 12:48:26.158955	t	mdouce31@wikipedia.org	\N
263	Cynthy	Ottiwill	2331253554	5	2022-09-16 12:48:26.275862	t	cottiwill32@abc.net.au	\N
264	Haze	Wolland	2255220454	5	2022-09-16 12:48:26.39558	t	hwolland33@amazon.de	\N
265	Woodman	Ledes	5304334212	1	2022-09-16 12:48:26.450027	t	wledes34@salon.com	\N
266	Cherice	Todeo	1533443240	1	2022-09-16 12:48:26.491862	t	ctodeo35@phoca.cz	\N
267	Gifford	Poor	5444522343	2	2022-09-16 12:48:26.526382	t	gpoor35@free.fr	\N
268	Ginnifer	Kovnot	3143323354	3	2022-09-16 12:48:26.659261	t	gkovnot33@jalbum.net	\N
269	Dill	Abeles	2444313453	1	2022-09-16 12:48:26.740563	t	dabeles34@wikia.com	\N
270	Arron	Selway	425132354	2	2022-09-16 12:48:26.862926	t	aselway32@merriam-webster.com	\N
271	Terry	Potbury	2523222055	2	2022-09-16 12:48:26.975998	t	tpotbury3a@hugedomains.com	\N
272	Josi	Karys	1454132540	5	2022-09-16 12:48:26.996441	t	jkarys3b@state.gov	\N
273	Angus	Tibbotts	3453514331	4	2022-09-16 12:48:27.029204	t	atibbotts3c@cbc.ca	\N
274	Gunter	Evamy	5523024422	5	2022-09-16 12:48:27.083316	t	gevamy3d@unesco.org	\N
275	Aron	Baldetti	2245340421	3	2022-09-16 12:48:27.118346	t	abaldetti3e@350.cn	\N
276	Sheryl	Dade	1222004445	4	2022-09-16 12:48:27.183291	t	sdade3f@theglobeandmail.com	\N
277	Octavius	Blundin	2523313433	3	2022-09-16 12:48:27.347628	t	oblundin3g@linkedin.com	\N
278	Nicol	Neil	3312133524	4	2022-09-16 12:48:27.423367	t	nneil3h@microsoft.com	\N
279	Thibaut	Stenson	3044423525	3	2022-09-16 12:48:27.446265	t	tstenson3i@wufoo.com	\N
280	Marsh	Ungerer	5044224433	4	2022-09-16 12:48:27.597854	t	mungerer3j@ebay.com	\N
281	Karel	Eidler	2435534351	3	2022-09-16 12:48:27.644721	t	keidler3k@sakura.ne.jp	\N
282	Keslie	Prowse	5155254325	4	2022-09-16 12:48:27.708079	t	kprowse3l@slate.com	\N
283	Joly	Farncombe	3044443342	1	2022-09-16 12:48:27.726097	t	jfarncombe3m@imageshack.us	\N
284	Egbert	Bloxsom	435311452	1	2022-09-16 12:48:27.741366	t	ebloxsom3n@businessinsider.com	\N
285	Lisetta	Glidden	3233154523	4	2022-09-16 12:48:27.926667	t	lglidden3o@shinystat.com	\N
286	Nara	Meredith	3142541304	4	2022-09-16 12:48:27.950793	t	nmeredith3p@virginia.edu	\N
287	Bernita	McKag	5443515313	4	2022-09-16 12:48:28.002334	t	bmckag3q@apache.org	\N
288	Addie	Scaplehorn	2354313242	4	2022-09-16 12:48:28.084994	t	ascaplehorn3r@livejournal.com	\N
289	Nadia	Urlin	550355314	3	2022-09-16 12:48:28.116998	t	nurlin3s@e-recht24.de	\N
290	Anthia	Tregiddo	353204112	1	2022-09-16 12:48:28.172815	t	atregiddo3t@ocn.ne.jp	\N
291	Doll	Adcocks	3541521145	4	2022-09-16 12:48:28.209921	t	dadcocks3u@mediafire.com	\N
292	Aubrette	Dibson	3052000303	2	2022-09-16 12:48:28.23058	t	adibson3v@google.com.hk	\N
293	Zena	Sipson	4234502511	3	2022-09-16 12:48:28.266875	t	zsipson3w@google.com.br	\N
368	Simona	Gocke	5231533450	2	2022-09-16 12:48:33.895142	t	sgocke2z@wisc.edu	\N
294	Becki	Fonzone	4552114442	1	2022-09-16 12:48:28.307052	t	bfonzone3x@arstechnica.com	\N
295	Adelina	Rawsthorne	3345253322	5	2022-09-16 12:48:28.331261	t	arawsthorne3y@google.fr	\N
296	Dun	Heckney	4223032232	2	2022-09-16 12:48:28.36444	t	dheckney3z@google.co.jp	\N
297	Armando	Guerola	3225350201	2	2022-09-16 12:48:28.397511	t	aguerola40@edublogs.org	\N
298	Alix	Golby	1454233552	5	2022-09-16 12:48:28.46026	t	agolby41@earthlink.net	\N
299	Benny	Windaybank	3253550424	4	2022-09-16 12:48:28.50124	t	bwindaybank42@1544.com	\N
300	Dalton	Weddeburn - Scrimgeour	5242233350	4	2022-09-16 12:48:28.517211	t	dweddeburnscrimgeour43@umich.edu	\N
301	Titus	Orlton	1341243454	2	2022-09-16 12:48:28.540193	t	torlton44@storify.com	\N
302	Maurice	Doorly	1325404532	1	2022-09-16 12:48:28.676244	t	mdoorly45@intel.com	\N
303	Ulberto	Vassbender	2554545445	5	2022-09-16 12:48:28.711585	t	uvassbender45@google.it	\N
304	Morgana	Etty	533213420	4	2022-09-16 12:48:28.741481	t	metty43@google.fr	\N
305	Gavin	Wistance	5534345253	4	2022-09-16 12:48:28.758146	t	gwistance44@telegraph.co.uk	\N
306	Eve	Gleeton	4555242121	3	2022-09-16 12:48:28.802548	t	egleeton42@prweb.com	\N
307	Tedmund	Shackesby	3443354441	5	2022-09-16 12:48:28.820316	t	tshackesby4a@eepurl.com	\N
308	Turner	Beckett	2413042303	1	2022-09-16 12:48:28.840328	t	tbeckett4b@google.co.jp	\N
309	Bryn	Tackell	4325224412	2	2022-09-16 12:48:28.879974	t	btackell4c@facebook.com	\N
310	Nicolina	McLleese	432124531	5	2022-09-16 12:48:28.936674	t	nmclleese4d@wired.com	\N
311	Gasparo	Insole	4305233305	5	2022-09-16 12:48:28.973922	t	ginsole4e@seattletimes.com	\N
312	Karyn	Vairow	5324443553	4	2022-09-16 12:48:29.013497	t	kvairow4f@comsenz.com	\N
313	Lanna	Earsman	3455532203	4	2022-09-16 12:48:29.082344	t	learsman4g@cdc.gov	\N
314	Kaylil	Snaddin	5224151533	5	2022-09-16 12:48:29.187958	t	ksnaddin4h@hhs.gov	\N
315	Manda	Mosedill	3534315420	4	2022-09-16 12:48:29.253667	t	mmosedill4i@thetimes.co.uk	\N
316	Wat	D'Abbot-Doyle	4252253512	4	2022-09-16 12:48:29.288609	t	wdabbotdoyle4j@yellowpages.com	\N
317	Pedro	Feldhuhn	1423332455	5	2022-09-16 12:48:29.350493	t	pfeldhuhn4k@mozilla.com	\N
318	Nonna	Salvage	3544524251	2	2022-09-16 12:48:29.381994	t	nsalvage4l@miibeian.gov.cn	\N
319	Billy	Jewes	3521344025	2	2022-09-16 12:48:29.471556	t	bjewes4m@com.com	\N
320	Miguel	Pipet	3232333035	1	2022-09-16 12:48:29.611183	t	mpipet4n@homestead.com	\N
321	Heidie	Resdale	4053520414	3	2022-09-16 12:48:29.628299	t	hresdale4o@alexa.com	\N
322	Yasmeen	Dytham	4242145222	4	2022-09-16 12:48:29.666943	t	ydytham4p@weather.com	\N
323	Mozes	Edgeler	2122325120	4	2022-09-16 12:48:29.767	t	medgeler4q@godaddy.com	\N
324	Ned	Brealey	3252112332	5	2022-09-16 12:48:29.813402	t	nbrealey4r@lycos.com	\N
325	Danette	Bradbrook	5122524533	1	2022-09-16 12:48:29.884448	t	dbradbrook4s@ihg.com	\N
326	Melly	Cicchetto	5252342405	3	2022-09-16 12:48:30.000045	t	mcicchetto4t@domainmarket.com	\N
327	Eldon	Championnet	2224552222	4	2022-09-16 12:48:30.075841	t	echampionnet4u@webeden.co.uk	\N
328	Vivia	Toun	5554251323	5	2022-09-16 12:48:30.237869	t	vtoun4v@shop-pro.jp	\N
329	Norean	Simison	2005242323	3	2022-09-16 12:48:30.330393	t	nsimison4w@moonfruit.com	\N
330	Lesli	O'Mullally	4001542242	1	2022-09-16 12:48:30.440511	t	lomullally4x@sourceforge.net	\N
331	Ermina	Moye	4205123535	2	2022-09-16 12:48:30.507881	t	emoye4y@utexas.edu	\N
332	Rochella	Risley	144235151	3	2022-09-16 12:48:30.558254	t	rrisley4z@gizmodo.com	\N
333	Caleb	Yerlett	4542235014	5	2022-09-16 12:48:30.61985	t	cyerlett20@a4.net	\N
334	Vergil	Bodle	5424552015	2	2022-09-16 12:48:30.825164	t	vbodle21@nsw.gov.au	\N
335	Bren	Jadczak	2433255522	5	2022-09-16 12:48:31.155182	t	bjadczak22@latimes.com	\N
336	Kerwin	Loffill	4515423554	3	2022-09-16 12:48:31.272846	t	kloffill23@indiatimes.com	\N
337	Dan	Westmore	1532342312	4	2022-09-16 12:48:31.363461	t	dwestmore24@dagondesign.com	\N
338	Danita	Whittek	3134353125	3	2022-09-16 12:48:31.551344	t	dwhittek25@boston.com	\N
339	Adelbert	Lord	2213421233	2	2022-09-16 12:48:31.618837	t	alord25@indiegogo.com	\N
340	Gelya	Ruzicka	4314033305	1	2022-09-16 12:48:31.698326	t	gruzicka23@japanpost.jp	\N
341	Eimile	Ervine	2033033234	3	2022-09-16 12:48:31.716545	t	eervine24@techcrunch.com	\N
342	Ivie	Leathard	1533514222	1	2022-09-16 12:48:31.814009	t	ileathard22@about.com	\N
343	Jenda	Hughland	4424251254	4	2022-09-16 12:48:31.843988	t	jhughland2a@craigslist.org	\N
344	Murdock	Pain	152224225	3	2022-09-16 12:48:31.909843	t	mpain2b@people.com.cn	\N
345	Clotilda	Lonergan	4305223431	2	2022-09-16 12:48:32.03139	t	clonergan2c@over-blog.com	\N
346	Donnell	Leyshon	4423543552	5	2022-09-16 12:48:32.185002	t	dleyshon2d@myspace.com	\N
347	Glad	Bern	2234255454	4	2022-09-16 12:48:32.351863	t	gbern2e@webs.com	\N
348	Axel	Foucar	3551433531	4	2022-09-16 12:48:32.417627	t	afoucar2f@jigsy.com	\N
349	Cal	Kilbey	4154405503	4	2022-09-16 12:48:32.717076	t	ckilbey2g@naver.com	\N
350	Pauli	Alenshev	4223023543	2	2022-09-16 12:48:32.827898	t	palenshev2h@tinypic.com	\N
351	Paquito	Whistlecraft	5535123522	1	2022-09-16 12:48:32.842225	t	pwhistlecraft2i@g.co	\N
352	Stephan	Piddick	4455452353	3	2022-09-16 12:48:32.874146	t	spiddick2j@dot.gov	\N
353	Etheline	Barnish	444212414	2	2022-09-16 12:48:32.89335	t	ebarnish2k@mapquest.com	\N
354	Car	Morgans	4445522153	1	2022-09-16 12:48:32.960629	t	cmorgans2l@soundcloud.com	\N
355	Rufus	Knowlden	2201244444	2	2022-09-16 12:48:33.033102	t	rknowlden2m@hhs.gov	\N
356	Stephen	Strudwick	5243544404	4	2022-09-16 12:48:33.047988	t	sstrudwick2n@dyndns.org	\N
357	Dani	Gierok	5423444020	4	2022-09-16 12:48:33.087316	t	dgierok2o@shop-pro.jp	\N
358	Iormina	Burnie	3455153521	3	2022-09-16 12:48:33.142811	t	iburnie2p@nymag.com	\N
359	Haven	Blare	3252234455	1	2022-09-16 12:48:33.180065	t	hblare2q@mysql.com	\N
360	Oliver	Lemin	4353452420	5	2022-09-16 12:48:33.221745	t	olemin2r@weibo.com	\N
361	Greg	Riding	3554243112	2	2022-09-16 12:48:33.268624	t	griding2s@examiner.com	\N
362	Krissie	Scolland	2123425531	4	2022-09-16 12:48:33.289174	t	kscolland2t@engadget.com	\N
363	Pooh	Ioannidis	5525254413	4	2022-09-16 12:48:33.380215	t	pioannidis2u@tmall.com	\N
364	Robby	Glusby	1235020530	5	2022-09-16 12:48:33.504424	t	rglusby2v@ustream.tv	\N
365	Morty	Bravington	3312500312	1	2022-09-16 12:48:33.618635	t	mbravington2w@clickbank.net	\N
366	Violetta	Boulstridge	5445324522	4	2022-09-16 12:48:33.724306	t	vboulstridge2x@miibeian.gov.cn	\N
367	Robyn	Striker	5524452534	5	2022-09-16 12:48:33.848058	t	rstriker2y@myspace.com	\N
369	Eudora	Patrickson	2454435302	2	2022-09-16 12:48:33.979212	t	epatricksona0@google.com	\N
370	Eleni	Welsh	2152431435	5	2022-09-16 12:48:34.100439	t	ewelsha1@gmpg.org	\N
371	Pansie	Coalbran	3313042042	3	2022-09-16 12:48:34.22249	t	pcoalbrana2@theguardian.com	\N
372	Cornelle	McCarlie	2025425134	5	2022-09-16 12:48:34.258618	t	cmccarliea3@1544.com	\N
373	Gaelan	Fetherstone	3132040522	3	2022-09-16 12:48:34.390692	t	gfetherstonea4@tripadvisor.com	\N
374	Jonie	Van Der Walt	205342441	2	2022-09-16 12:48:34.431332	t	jvanderwalta5@uol.com.br	\N
375	Dee dee	Balsom	5035143553	1	2022-09-16 12:48:34.554442	t	dbalsoma5@hugedomains.com	\N
376	Marilee	Paoli	1343222324	4	2022-09-16 12:48:34.577078	t	mpaolia3@ning.com	\N
377	Olin	Moberley	211154131	3	2022-09-16 12:48:34.672092	t	omoberleya4@cnbc.com	\N
378	Gwyneth	Benito	4333442341	5	2022-09-16 12:48:34.768364	t	gbenitoa2@soup.io	\N
379	Alfons	Buzzing	2203342552	2	2022-09-16 12:48:34.809544	t	abuzzingaa@opensource.org	\N
380	Pembroke	Govier	3023233035	5	2022-09-16 12:48:34.841086	t	pgovierab@sakura.ne.jp	\N
381	Trev	Blaydon	3433523251	5	2022-09-16 12:48:35.129044	t	tblaydonac@zdnet.com	\N
382	Irvin	Russam	5322554204	1	2022-09-16 12:48:35.291914	t	irussamad@census.gov	\N
383	Ann	Davidow	5455153443	3	2022-09-16 12:48:35.372742	t	adavidowae@cmu.edu	\N
384	Skylar	Wragg	4232014225	1	2022-09-16 12:48:35.396574	t	swraggaf@yahoo.com	\N
385	Lurleen	Grieve	3035322523	2	2022-09-16 12:48:35.426778	t	lgrieveag@uiuc.edu	\N
386	Kile	Eggleston	5333255303	5	2022-09-16 12:48:35.465954	t	kegglestonah@domainmarket.com	\N
387	Anderson	Bassford	5421254442	3	2022-09-16 12:48:35.725029	t	abassfordai@studiopress.com	\N
388	Wallie	Seiler	3052423351	5	2022-09-16 12:48:35.802114	t	wseileraj@ifeng.com	\N
389	Lindi	Piet	224415351	4	2022-09-16 12:48:35.92473	t	lpietak@ihg.com	\N
390	Koren	Caldroni	4223123233	5	2022-09-16 12:48:36.004031	t	kcaldronial@liveinternet.ru	\N
391	Carlita	Oertzen	2112045353	1	2022-09-16 12:48:36.022912	t	coertzenam@marriott.com	\N
392	Tana	Aslum	4455242223	2	2022-09-16 12:48:36.146447	t	tasluman@lycos.com	\N
393	Dniren	Dutchburn	4044514420	4	2022-09-16 12:48:36.158961	t	ddutchburnao@alibaba.com	\N
394	Marja	Learmonth	5551250414	1	2022-09-16 12:48:36.190518	t	mlearmonthap@state.gov	\N
395	Elfrieda	Sextone	3225324151	4	2022-09-16 12:48:36.219404	t	esextoneaq@chronoengine.com	\N
396	Batsheva	Lukacs	2204232300	3	2022-09-16 12:48:36.250508	t	blukacsar@wufoo.com	\N
397	Bambi	Seller	3345441243	1	2022-09-16 12:48:36.269834	t	bselleras@skyrock.com	\N
398	Sophronia	Gunstone	4124334205	1	2022-09-16 12:48:36.344152	t	sgunstoneat@vinaora.com	\N
399	Lydon	McKeurtan	2224153444	2	2022-09-16 12:48:36.45504	t	lmckeurtanau@alibaba.com	\N
400	Georgie	Paolini	2315252321	4	2022-09-16 12:48:36.517068	t	gpaoliniav@google.pl	\N
401	Felicle	Reiners	2155315022	5	2022-09-16 12:48:36.615195	t	freinersaw@cbc.ca	\N
402	Burr	Powner	4453001335	5	2022-09-16 12:48:36.706531	t	bpownerax@twitpic.com	\N
403	Irvin	Kemston	3345354312	3	2022-09-16 12:48:36.852894	t	ikemstonay@gravatar.com	\N
404	Goober	Haggata	4544515402	3	2022-09-16 12:48:37.052551	t	ghaggataaz@instagram.com	\N
405	Guntar	Gawkes	2503545454	1	2022-09-16 12:48:37.075013	t	ggawkesb0@illinois.edu	\N
406	Kerry	Kurtis	2143134003	2	2022-09-16 12:48:37.143367	t	kkurtisb1@techcrunch.com	\N
407	Cassi	Cosin	2143454543	3	2022-09-16 12:48:37.232721	t	ccosinb2@dell.com	\N
408	Mahmud	Farrow	1425550124	5	2022-09-16 12:48:37.275287	t	mfarrowb3@examiner.com	\N
409	Ketty	Solway	3321532452	2	2022-09-16 12:48:37.292916	t	ksolwayb4@noaa.gov	\N
410	Hilde	Edison	2255031512	5	2022-09-16 12:48:37.314881	t	hedisonb5@opera.com	\N
411	Donnajean	Haulkham	5113535234	2	2022-09-16 12:48:37.366368	t	dhaulkhamb5@gizmodo.com	\N
412	Alameda	Tomeo	4551531320	2	2022-09-16 12:48:37.406682	t	atomeob3@nhs.uk	\N
413	Shena	Crocken	4415343313	1	2022-09-16 12:48:37.471037	t	scrockenb4@wp.com	\N
414	Brandy	Kinneally	3042344500	1	2022-09-16 12:48:37.56484	t	bkinneallyb2@sohu.com	\N
415	Tibold	Garbar	5434243523	2	2022-09-16 12:48:37.675856	t	tgarbarba@walmart.com	\N
416	Sindee	Morrall	3231352430	4	2022-09-16 12:48:37.797282	t	smorrallbb@shop-pro.jp	\N
417	Marilee	Stallworthy	4043122545	5	2022-09-16 12:48:37.862194	t	mstallworthybc@indiegogo.com	\N
418	Gabriello	Napleton	4355320142	4	2022-09-16 12:48:38.056091	t	gnapletonbd@stanford.edu	\N
419	Welby	Boater	4135455424	5	2022-09-16 12:48:38.129215	t	wboaterbe@1und1.de	\N
420	Kelly	Bettridge	3303515444	5	2022-09-16 12:48:38.199142	t	kbettridgebf@phoca.cz	\N
421	Elke	Erdely	3235345540	5	2022-09-16 12:48:38.214959	t	eerdelybg@instagram.com	\N
422	Leoine	Bolger	5432112534	1	2022-09-16 12:48:38.277146	t	lbolgerbh@usa.gov	\N
423	Augusta	Currington	5553215225	1	2022-09-16 12:48:38.302106	t	acurringtonbi@unicef.org	\N
424	Benedicto	Krienke	4223221535	3	2022-09-16 12:48:38.315941	t	bkrienkebj@unicef.org	\N
425	Ethelda	Rizon	5523312303	1	2022-09-16 12:48:38.346205	t	erizonbk@symantec.com	\N
426	Quintina	Banes	2455451424	1	2022-09-16 12:48:38.364384	t	qbanesbl@wisc.edu	\N
427	Gannon	Fronczak	5442441335	3	2022-09-16 12:48:38.376334	t	gfronczakbm@amazon.co.jp	\N
428	Lidia	Greg	4555513424	5	2022-09-16 12:48:38.388415	t	lgregbn@w3.org	\N
429	Cassandra	Link	4523303131	4	2022-09-16 12:48:38.400272	t	clinkbo@twitpic.com	\N
430	Stephan	Trahair	2525524323	2	2022-09-16 12:48:38.45503	t	strahairbp@vistaprint.com	\N
431	Georgi	Schroder	5353552435	5	2022-09-16 12:48:38.483745	t	gschroderbq@twitpic.com	\N
432	Luce	Ashbee	5325335250	4	2022-09-16 12:48:38.530541	t	lashbeebr@dagondesign.com	\N
433	Heindrick	McKeggie	5251322534	4	2022-09-16 12:48:38.597643	t	hmckeggiebs@instagram.com	\N
434	Agustin	Ida	3541555325	2	2022-09-16 12:48:38.613306	t	aidabt@fc2.com	\N
435	Patsy	Styant	1423431204	5	2022-09-16 12:48:38.631124	t	pstyantbu@google.nl	\N
436	Bryana	Lympany	2041343435	1	2022-09-16 12:48:38.644932	t	blympanybv@hp.com	\N
437	Jeremiah	Fosserd	225521053	4	2022-09-16 12:48:38.799368	t	jfosserdbw@phoca.cz	\N
438	Don	Douse	1553524112	1	2022-09-16 12:48:38.812714	t	ddousebx@cbc.ca	\N
439	Hugues	Downer	4333223051	3	2022-09-16 12:48:38.82265	t	hdownerby@nature.com	\N
440	Guillermo	Yakob	2544554525	4	2022-09-16 12:48:38.837332	t	gyakobbz@wordpress.org	\N
441	Xylina	Ruddiforth	3352435323	4	2022-09-16 12:48:38.866116	t	xruddiforthc0@twitpic.com	\N
442	Alfonse	Allan	5333524342	1	2022-09-16 12:48:38.897574	t	aallanc1@simplemachines.org	\N
443	Janifer	Prozescky	5402225322	1	2022-09-16 12:48:38.953703	t	jprozesckyc2@sphinn.com	\N
444	Melonie	Brusin	255144535	4	2022-09-16 12:48:38.96885	t	mbrusinc3@bbb.org	\N
445	Korey	Holburn	3122515054	3	2022-09-16 12:48:38.987856	t	kholburnc4@ox.ac.uk	\N
446	Richart	McConnell	2245245235	5	2022-09-16 12:48:39.024703	t	rmcconnellc5@disqus.com	\N
447	Bailie	Spoerl	4235442303	1	2022-09-16 12:48:39.12015	t	bspoerlc5@mayoclinic.com	\N
448	Nannie	Wilshire	2553241134	1	2022-09-16 12:48:39.16784	t	nwilshirec3@nifty.com	\N
449	Maddi	Bebbell	4203555534	3	2022-09-16 12:48:39.219739	t	mbebbellc4@so-net.ne.jp	\N
450	Morgan	Fawlkes	5025332023	1	2022-09-16 12:48:39.268081	t	mfawlkesc2@indiatimes.com	\N
451	Trudey	Bladesmith	3531212324	2	2022-09-16 12:48:39.30444	t	tbladesmithca@sun.com	\N
452	Joachim	Galley	3543300211	1	2022-09-16 12:48:39.348001	t	jgalleycb@wisc.edu	\N
453	Reba	Joll	3452425532	2	2022-09-16 12:48:39.396334	t	rjollcc@w3.org	\N
454	Evin	People	2312212505	2	2022-09-16 12:48:39.580849	t	epeoplecd@discuz.net	\N
455	Artur	Parriss	4133322305	5	2022-09-16 12:48:39.6357	t	aparrissce@flickr.com	\N
456	Naomi	Huband	4453250420	4	2022-09-16 12:48:39.711502	t	nhubandcf@tuttocitta.it	\N
457	Cordelia	Curl	5435254521	2	2022-09-16 12:48:39.785062	t	ccurlcg@newyorker.com	\N
458	Benson	Boxill	3223341335	4	2022-09-16 12:48:39.839069	t	bboxillch@geocities.com	\N
459	Mureil	Sparkwill	5323533404	3	2022-09-16 12:48:39.911405	t	msparkwillci@mysql.com	\N
460	Kip	Mattevi	44213313	5	2022-09-16 12:48:39.950534	t	kmattevicj@uol.com.br	\N
461	Clareta	Lewtey	3424554124	2	2022-09-16 12:48:40.037471	t	clewteyck@biglobe.ne.jp	\N
462	Frannie	Pittam	5425403504	1	2022-09-16 12:48:40.101316	t	fpittamcl@facebook.com	\N
463	Claire	Kerins	5302300351	3	2022-09-16 12:48:40.11708	t	ckerinscm@ca.gov	\N
464	Berna	Yaxley	4312555443	5	2022-09-16 12:48:40.254647	t	byaxleycn@mac.com	\N
465	Gideon	Wetherhead	5353501342	5	2022-09-16 12:48:40.273803	t	gwetherheadco@woothemes.com	\N
466	Piper	Saull	1343505524	5	2022-09-16 12:48:40.301506	t	psaullcp@chron.com	\N
467	Liza	Pinel	4442401413	3	2022-09-16 12:48:40.316759	t	lpinelcq@wikipedia.org	\N
468	Shawn	Scarlan	2232354243	1	2022-09-16 12:48:40.363036	t	sscarlancr@phpbb.com	\N
469	Tarah	Hammill	3434254135	4	2022-09-16 12:48:40.380846	t	thammillcs@paginegialle.it	\N
470	Aldric	Manderson	212225223	2	2022-09-16 12:48:40.415188	t	amandersonct@reverbnation.com	\N
471	Gabriel	Maudsley	2315143205	3	2022-09-16 12:48:40.499336	t	gmaudsleycu@netlog.com	\N
472	Zacherie	Jaggi	2354432255	2	2022-09-16 12:48:40.537516	t	zjaggicv@elegantthemes.com	\N
473	Domingo	Bruntjen	4454125345	4	2022-09-16 12:48:40.568736	t	dbruntjencw@google.nl	\N
474	Vivi	Florez	4524505055	5	2022-09-16 12:48:40.663074	t	vflorezcx@sun.com	\N
475	Bertram	Albert	3132520524	2	2022-09-16 12:48:40.704794	t	balbertcy@deviantart.com	\N
476	Chick	Bollam	4552325505	4	2022-09-16 12:48:40.749773	t	cbollamcz@amazon.co.jp	\N
477	Vikki	Reford	4522441532	2	2022-09-16 12:48:40.778482	t	vrefordd0@dot.gov	\N
478	Sky	Fossett	2442350122	5	2022-09-16 12:48:40.912202	t	sfossettd1@wordpress.org	\N
479	Dorolisa	Macura	2155142353	1	2022-09-16 12:48:40.94801	t	dmacurad2@livejournal.com	\N
480	Thorpe	Sommerly	4443044533	3	2022-09-16 12:48:40.985293	t	tsommerlyd3@reddit.com	\N
481	Hinze	Jowers	2241432331	2	2022-09-16 12:48:41.105338	t	hjowersd4@friendfeed.com	\N
482	Wood	Loughney	4355555045	3	2022-09-16 12:48:41.182786	t	wloughneyd5@infoseek.co.jp	\N
483	Graham	Soppit	3453444154	4	2022-09-16 12:48:41.396863	t	gsoppitd5@flickr.com	\N
484	Marsha	Runnett	2431241143	4	2022-09-16 12:48:41.463409	t	mrunnettd3@ft.com	\N
485	Regan	Firle	5244244353	2	2022-09-16 12:48:41.736431	t	rfirled4@discovery.com	\N
486	Thelma	Smorthit	2545222441	4	2022-09-16 12:48:41.768891	t	tsmorthitd2@aol.com	\N
487	Annecorinne	Clougher	201433441	3	2022-09-16 12:48:41.894356	t	aclougherda@state.gov	\N
488	Yevette	Gelsthorpe	3353445444	1	2022-09-16 12:48:42.034187	t	ygelsthorpedb@unc.edu	\N
489	Vitoria	Warke	3455441252	2	2022-09-16 12:48:42.08265	t	vwarkedc@ted.com	\N
490	Kahaleel	Darnody	2323320440	3	2022-09-16 12:48:42.132451	t	kdarnodydd@google.cn	\N
491	Farlee	Jilkes	305503124	2	2022-09-16 12:48:42.228504	t	fjilkesde@shareasale.com	\N
492	Rhodia	Morewood	5532242323	1	2022-09-16 12:48:42.348348	t	rmorewooddf@blinklist.com	\N
493	Martie	Vaen	4112140131	5	2022-09-16 12:48:42.393745	t	mvaendg@tumblr.com	\N
494	Craig	Dansey	2253323022	3	2022-09-16 12:48:42.454031	t	cdanseydh@jalbum.net	\N
495	Verile	Emig	3504542443	3	2022-09-16 12:48:42.492369	t	vemigdi@eepurl.com	\N
496	Hogan	Itzkovitch	4045420243	3	2022-09-16 12:48:42.535874	t	hitzkovitchdj@mediafire.com	\N
497	Rheta	Damrell	4554343042	3	2022-09-16 12:48:42.610156	t	rdamrelldk@zdnet.com	\N
498	Torrance	Benkhe	1443231125	5	2022-09-16 12:48:42.710336	t	tbenkhedl@live.com	\N
499	Tori	Pethrick	5345225132	2	2022-09-16 12:48:42.787151	t	tpethrickdm@disqus.com	\N
500	Chrysa	Maymond	4354555444	1	2022-09-16 12:48:42.877842	t	cmaymonddn@marketwatch.com	\N
501	Fanni	Niche	3152521432	5	2022-09-16 12:48:42.974942	t	fnichedo@hugedomains.com	\N
502	Stearn	Waight	5315433153	5	2022-09-16 12:48:43.011457	t	swaightdp@cdbaby.com	\N
503	Dave	Moriarty	1204531201	5	2022-09-16 12:48:43.142323	t	dmoriartydq@jimdo.com	\N
504	Marta	Drakeford	5505253552	2	2022-09-16 12:48:43.274366	t	mdrakeforddr@weebly.com	\N
505	Willetta	Limmer	4254043335	4	2022-09-16 12:48:43.3502	t	wlimmerds@ycombinator.com	\N
506	Toby	Millsom	1122423414	2	2022-09-16 12:48:43.455154	t	tmillsomdt@google.cn	\N
507	Hy	Cumberbatch	3055244253	5	2022-09-16 12:48:43.644035	t	hcumberbatchdu@pbs.org	\N
508	Caria	Persitt	2025524232	2	2022-09-16 12:48:43.66399	t	cpersittdv@slashdot.org	\N
509	Tessa	Garlic	5122124333	2	2022-09-16 12:48:43.756813	t	tgarlicdw@china.com.cn	\N
510	Archer	Wynett	2522535551	1	2022-09-16 12:48:43.940257	t	awynettdx@epa.gov	\N
511	Gerry	Nutty	3553043525	3	2022-09-16 12:48:43.999955	t	gnuttydy@google.es	\N
512	Hy	Penbarthy	2254554251	2	2022-09-16 12:48:44.049219	t	hpenbarthydz@barnesandnoble.com	\N
513	Austine	Stille	325455213	2	2022-09-16 12:48:44.219643	t	astillee0@cam.ac.uk	\N
514	Ophelie	Bees	4332412555	3	2022-09-16 12:48:44.313885	t	obeese1@time.com	\N
515	Shelley	Gleaves	2035312425	1	2022-09-16 12:48:44.440631	t	sgleavese2@rakuten.co.jp	\N
516	Lutero	Swadon	5023325355	1	2022-09-16 12:48:44.56983	t	lswadone3@angelfire.com	\N
517	Michele	Fradson	5255345234	5	2022-09-16 12:48:44.615361	t	mfradsone4@hp.com	\N
518	Evan	Benditt	2221342254	4	2022-09-16 12:48:44.641364	t	ebenditte5@marketwatch.com	\N
519	Baxy	McGrah	5452454351	5	2022-09-16 12:48:44.786769	t	bmcgrahe5@cam.ac.uk	\N
520	Annamaria	Giral	4552243030	1	2022-09-16 12:48:44.813652	t	agirale3@blogspot.com	\N
521	Laurette	Vink	4222203304	4	2022-09-16 12:48:44.828929	t	lvinke4@desdev.cn	\N
522	Maryanna	Frearson	5322432544	4	2022-09-16 12:48:44.909579	t	mfrearsone2@wunderground.com	\N
523	Lambert	Eldin	4334124012	3	2022-09-16 12:48:45.016032	t	leldinea@1und1.de	\N
524	Toiboid	Dawes	1243234401	4	2022-09-16 12:48:45.063476	t	tdaweseb@wunderground.com	\N
525	Bianka	Hatchette	3324420334	4	2022-09-16 12:48:45.080094	t	bhatchetteec@furl.net	\N
526	Norman	Goose	3425243431	3	2022-09-16 12:48:45.090919	t	ngooseed@cornell.edu	\N
527	Shurlock	McCart	5333352432	3	2022-09-16 12:48:45.133773	t	smccartee@msn.com	\N
528	Jacobo	Elman	5542315255	1	2022-09-16 12:48:45.146277	t	jelmanef@mapquest.com	\N
529	Lenette	Burwin	2442253403	4	2022-09-16 12:48:45.212579	t	lburwineg@php.net	\N
530	Arda	Whitemarsh	4325302421	5	2022-09-16 12:48:45.226649	t	awhitemarsheh@google.co.uk	\N
531	Gwendolen	Frossell	3344254454	3	2022-09-16 12:48:45.268019	t	gfrossellei@wp.com	\N
532	Constancy	Craik	4552315154	5	2022-09-16 12:48:45.288239	t	ccraikej@jiathis.com	\N
533	Ty	Dowdle	3431232324	5	2022-09-16 12:48:45.411846	t	tdowdleek@gmpg.org	\N
534	Hort	Hambidge	3314043453	2	2022-09-16 12:48:45.427893	t	hhambidgeel@ameblo.jp	\N
535	Nerissa	Haig	5245543052	5	2022-09-16 12:48:45.441574	t	nhaigem@bluehost.com	\N
536	Wilbur	Houseley	3012451543	5	2022-09-16 12:48:45.520063	t	whouseleyen@51.la	\N
537	Phillis	Cubbino	5553544223	5	2022-09-16 12:48:45.552751	t	pcubbinoeo@mediafire.com	\N
538	Hamilton	O'Fallone	455422415	5	2022-09-16 12:48:45.5753	t	hofalloneep@mail.ru	\N
539	Hailey	Meindl	5225344550	2	2022-09-16 12:48:45.632513	t	hmeindleq@jugem.jp	\N
540	Neddie	Bodicam	3013542352	4	2022-09-16 12:48:45.711834	t	nbodicamer@bluehost.com	\N
541	Chilton	Drillingcourt	1433412334	5	2022-09-16 12:48:45.778367	t	cdrillingcourtes@jalbum.net	\N
542	Hervey	Bewlie	4425133535	3	2022-09-16 12:48:45.94929	t	hbewlieet@blogspot.com	\N
543	Eugenie	Von Gladbach	114233053	3	2022-09-16 12:48:46.118828	t	evongladbacheu@huffingtonpost.com	\N
544	Leonid	Tunno	4214254524	4	2022-09-16 12:48:46.232969	t	ltunnoev@hud.gov	\N
545	Cordell	Pert	553222122	5	2022-09-16 12:48:46.428689	t	cpertew@cbslocal.com	\N
546	Rudd	Garaghan	2443531114	5	2022-09-16 12:48:46.599896	t	rgaraghanex@multiply.com	\N
547	Nani	Lundberg	2354513452	5	2022-09-16 12:48:46.613381	t	nlundbergey@vimeo.com	\N
548	Melicent	Ebbers	11541150	4	2022-09-16 12:48:46.627729	t	mebbersez@utexas.edu	\N
549	Bess	Darkin	4423322553	4	2022-09-16 12:48:46.640636	t	bdarkinf0@imageshack.us	\N
550	Adey	MacKellar	4322200423	5	2022-09-16 12:48:46.658179	t	amackellarf1@whitehouse.gov	\N
551	Nerte	Pechell	4312143304	1	2022-09-16 12:48:46.673035	t	npechellf2@nsw.gov.au	\N
552	Faun	Mogie	5513254434	2	2022-09-16 12:48:46.687892	t	fmogief3@time.com	\N
553	Brit	Haskey	5405203421	2	2022-09-16 12:48:46.703295	t	bhaskeyf4@nature.com	\N
554	Ailyn	Daugherty	1442413424	5	2022-09-16 12:48:46.718255	t	adaughertyf5@dagondesign.com	\N
555	Pasquale	Gidman	2422512543	4	2022-09-16 12:48:46.733806	t	pgidmanf5@cbsnews.com	\N
556	Jaymie	Asipenko	5322422215	2	2022-09-16 12:48:46.747912	t	jasipenkof3@marriott.com	\N
557	Delila	Luke	314321313	5	2022-09-16 12:48:46.796838	t	dlukef4@creativecommons.org	\N
558	Alex	Guidone	1551354555	3	2022-09-16 12:48:46.960189	t	aguidonef2@vkontakte.ru	\N
559	Desmund	Padillo	554342413	4	2022-09-16 12:48:47.115546	t	dpadillofa@ihg.com	\N
560	Gun	Di Claudio	2345421533	1	2022-09-16 12:48:47.319431	t	gdiclaudiofb@gizmodo.com	\N
561	Dominique	Adnam	5445035421	5	2022-09-16 12:48:47.482241	t	dadnamfc@hugedomains.com	\N
562	Derk	Tomasi	2253454535	1	2022-09-16 12:48:47.663518	t	dtomasifd@fema.gov	\N
563	Ashlee	Pennicard	3531515443	3	2022-09-16 12:48:47.899007	t	apennicardfe@woothemes.com	\N
564	Sascha	Pasfield	3524203344	4	2022-09-16 12:48:48.008808	t	spasfieldff@printfriendly.com	\N
565	Judye	Di Carlo	4342250353	2	2022-09-16 12:48:48.245924	t	jdicarlofg@statcounter.com	\N
566	Doll	Pinchbeck	4553445242	5	2022-09-16 12:48:48.27846	t	dpinchbeckfh@photobucket.com	\N
567	Alie	Pierpoint	114323545	4	2022-09-16 12:48:48.544488	t	apierpointfi@irs.gov	\N
568	Charlean	Loudon	5543322423	1	2022-09-16 12:48:48.764972	t	cloudonfj@theguardian.com	\N
569	Muire	Haslegrave	3554221540	4	2022-09-16 12:48:48.873334	t	mhaslegravefk@yolasite.com	\N
570	Jase	Dyzart	4535444530	4	2022-09-16 12:48:49.032728	t	jdyzartfl@slate.com	\N
571	Pegeen	Hitcham	3042420552	1	2022-09-16 12:48:49.218621	t	phitchamfm@oaic.gov.au	\N
572	Robby	Skeermor	1154224252	2	2022-09-16 12:48:49.282005	t	rskeermorfn@storify.com	\N
573	Reine	Aberdein	4043335323	5	2022-09-16 12:48:49.438293	t	raberdeinfo@list-manage.com	\N
574	Seumas	Shawyer	4045221144	4	2022-09-16 12:48:49.489991	t	sshawyerfp@google.com.br	\N
575	Bryna	Jeckell	324314515	4	2022-09-16 12:48:49.616219	t	bjeckellfq@umich.edu	\N
576	Courtnay	Haygreen	5414004340	1	2022-09-16 12:48:49.922965	t	chaygreenfr@mit.edu	\N
577	Marcy	Adamou	3454522403	4	2022-09-16 12:48:50.048415	t	madamoufs@hatena.ne.jp	\N
578	Jeannette	Roper	5314343403	5	2022-09-16 12:48:50.115873	t	jroperft@liveinternet.ru	\N
579	Curcio	Pallin	2335544054	2	2022-09-16 12:48:50.281929	t	cpallinfu@dion.ne.jp	\N
580	Gael	Message	1425225353	2	2022-09-16 12:48:50.350262	t	gmessagefv@pen.io	\N
581	Elaina	Ladon	1233545543	2	2022-09-16 12:48:50.470107	t	eladonfw@spotify.com	\N
582	Derrick	Tackett	3053442314	4	2022-09-16 12:48:50.593629	t	dtackettfx@privacy.gov.au	\N
583	Christen	Tarpey	2354455530	2	2022-09-16 12:48:50.76665	t	ctarpeyfy@t.co	\N
584	Jethro	Fernez	4524512121	3	2022-09-16 12:48:50.844173	t	jfernezfz@surveymonkey.com	\N
585	Hannah	Vickarman	3542345251	3	2022-09-16 12:48:50.915234	t	hvickarmang0@harvard.edu	\N
586	Jenda	Oki	3544532332	5	2022-09-16 12:48:51.186279	t	jokig1@taobao.com	\N
587	Goraud	Caughan	1534053151	1	2022-09-16 12:48:51.500694	t	gcaughang2@webnode.com	\N
588	Brad	Gummory	3444040302	3	2022-09-16 12:48:51.625182	t	bgummoryg3@google.it	\N
589	Boniface	Reast	3243024300	3	2022-09-16 12:48:51.687703	t	breastg4@slashdot.org	\N
590	Kassandra	Hrus	5412340335	4	2022-09-16 12:48:51.700371	t	khrusg5@howstuffworks.com	\N
591	Hogan	Ditzel	4523145534	5	2022-09-16 12:48:51.713994	t	hditzelg5@nhs.uk	\N
592	Arman	McKeveney	2334322513	1	2022-09-16 12:48:51.739819	t	amckeveneyg3@zimbio.com	\N
593	Mavis	Kollasch	3354521453	4	2022-09-16 12:48:51.814835	t	mkollaschg4@paypal.com	\N
594	Case	Phalp	5324332352	4	2022-09-16 12:48:51.829441	t	cphalpg2@washington.edu	\N
595	Monique	Rackley	3232324134	2	2022-09-16 12:48:56.394949	t	mrackleyga@youtube.com	\N
596	Adrianna	Pettinger	5153454520	3	2022-09-16 12:48:57.03275	t	apettingergb@uol.com.br	\N
597	Keslie	Livesay	251351310	2	2022-09-16 12:48:57.266009	t	klivesaygc@smugmug.com	\N
598	Marla	Andreazzi	1335544252	4	2022-09-16 12:48:57.522904	t	mandreazzigd@artisteer.com	\N
599	Brena	Mulcaster	2443520534	3	2022-09-16 12:48:57.995683	t	bmulcasterge@live.com	\N
600	Berkley	Luty	4541240223	2	2022-09-16 12:48:58.386275	t	blutygf@behance.net	\N
601	Matti	Kenton	1153415525	1	2022-09-16 12:48:59.098562	t	mkentongg@csmonitor.com	\N
602	Lee	Kelston	5055435320	3	2022-09-16 12:48:59.264477	t	lkelstongh@miitbeian.gov.cn	\N
603	Evonne	Sankey	2135535313	2	2022-09-16 12:48:59.328857	t	esankeygi@cpanel.net	\N
604	Gwendolin	Rawlings	5352421202	3	2022-09-16 12:48:59.459443	t	grawlingsgj@oracle.com	\N
605	Shane	Martinovic	4035534220	3	2022-09-16 12:48:59.662232	t	smartinovicgk@cbslocal.com	\N
606	Alie	Benini	2423353000	4	2022-09-16 12:48:59.721544	t	abeninigl@mashable.com	\N
607	Ronica	Gallen	5552243023	1	2022-09-16 12:48:59.848289	t	rgallengm@ibm.com	\N
608	Huntington	McGilben	2011525551	3	2022-09-16 12:49:00.06163	t	hmcgilbengn@oracle.com	\N
609	Inness	Windaybank	3022344054	2	2022-09-16 12:49:00.203096	t	iwindaybankgo@princeton.edu	\N
610	Lynn	Neilus	5541112022	5	2022-09-16 12:49:00.224101	t	lneilusgp@wiley.com	\N
611	Leopold	Storrar	3225341504	4	2022-09-16 12:49:00.44733	t	lstorrargq@tinyurl.com	\N
612	Giulia	Burgher	4442540534	5	2022-09-16 12:49:00.505444	t	gburghergr@yellowpages.com	\N
613	Yves	Have	4405455353	4	2022-09-16 12:49:00.672606	t	yhavegs@nifty.com	\N
614	Hamid	Gedge	121323541	1	2022-09-16 12:49:00.740007	t	hgedgegt@indiatimes.com	\N
615	Amalie	Lotze	5304325203	1	2022-09-16 12:49:00.79789	t	alotzegu@boston.com	\N
616	Jamal	Hydes	4312251213	3	2022-09-16 12:49:00.90444	t	jhydesgv@opera.com	\N
617	Dewey	Le Fevre	4355303155	5	2022-09-16 12:49:01.030889	t	dlefevregw@g.co	\N
618	Tandi	Denniss	5234450344	4	2022-09-16 12:49:01.158162	t	tdennissgx@amazon.co.jp	\N
619	Laureen	Sentance	2341254412	1	2022-09-16 12:49:01.412096	t	lsentancegy@mail.ru	\N
620	Cody	Hubbucke	4431113525	5	2022-09-16 12:49:01.508023	t	chubbuckegz@hp.com	\N
621	Elmer	Almack	5434522522	2	2022-09-16 12:49:01.574489	t	ealmackh0@microsoft.com	\N
622	Fransisco	Borrow	3342054545	2	2022-09-16 12:49:01.633316	t	fborrowh1@liveinternet.ru	\N
623	Vida	Tinkler	2534115355	2	2022-09-16 12:49:01.645352	t	vtinklerh2@cpanel.net	\N
624	Geneva	Akker	2523504245	2	2022-09-16 12:49:03.93249	t	gakkerh3@bbb.org	\N
625	Halley	Valentino	4453524234	1	2022-09-16 12:49:04.269898	t	hvalentinoh4@parallels.com	\N
626	Gerome	Connue	3402545322	3	2022-09-16 12:49:04.459377	t	gconnueh5@themeforest.net	\N
627	Zahara	Heales	4014443053	3	2022-09-16 12:49:04.724309	t	zhealesh5@wisc.edu	\N
628	Desiree	De Souza	1123553412	3	2022-09-16 12:49:05.436155	t	ddesouzah3@un.org	\N
629	Friedrick	Stuttard	2412555235	5	2022-09-16 12:49:05.56124	t	fstuttardh4@jalbum.net	\N
630	Vincenz	Bence	3235345233	1	2022-09-16 12:49:05.574556	t	vbenceh2@opera.com	\N
631	Ernesta	Ades	2341505150	3	2022-09-16 12:49:05.638751	t	eadesha@ftc.gov	\N
632	Andros	Templman	5204022450	4	2022-09-16 12:49:05.700445	t	atemplmanhb@histats.com	\N
633	Darsie	Filde	5454425141	3	2022-09-16 12:49:05.997464	t	dfildehc@shinystat.com	\N
634	Kenyon	Candelin	4333531534	2	2022-09-16 12:49:06.017177	t	kcandelinhd@squarespace.com	\N
635	Silvana	Mulcaster	4543055201	4	2022-09-16 12:49:06.275207	t	smulcasterhe@symantec.com	\N
636	Koressa	Costan	2351234534	3	2022-09-16 12:49:06.376134	t	kcostanhf@alexa.com	\N
637	Elmo	Hubbis	2213413012	4	2022-09-16 12:49:06.453004	t	ehubbishg@elegantthemes.com	\N
638	Derrik	De Maria	4431523454	3	2022-09-16 12:49:06.581507	t	ddemariahh@webnode.com	\N
639	Kat	Dibden	5333403351	5	2022-09-16 12:49:06.64678	t	kdibdenhi@printfriendly.com	\N
640	Herschel	Jesper	2352024415	4	2022-09-16 12:49:06.719047	t	hjesperhj@prweb.com	\N
641	Mahala	Domone	5013233251	1	2022-09-16 12:49:06.797247	t	mdomonehk@350.cn	\N
642	Janifer	Riddle	1245314034	5	2022-09-16 12:49:07.023402	t	jriddlehl@java.com	\N
643	Jarvis	Lindbergh	3241531420	5	2022-09-16 12:49:07.038851	t	jlindberghhm@businesswire.com	\N
644	Joanne	Babst	5552320255	3	2022-09-16 12:49:07.252698	t	jbabsthn@wunderground.com	\N
645	Guillema	de Grey	114555401	4	2022-09-16 12:49:07.405018	t	gdegreyho@clickbank.net	\N
646	Wyatan	Perceval	5124013532	1	2022-09-16 12:49:07.578741	t	wpercevalhp@ocn.ne.jp	\N
647	Percy	Coysh	2115252352	5	2022-09-16 12:49:07.659529	t	pcoyshhq@netscape.com	\N
648	Etheline	MacAlister	4534502220	3	2022-09-16 12:49:07.781572	t	emacalisterhr@pcworld.com	\N
649	Cazzie	Biggs	2054530223	3	2022-09-16 12:49:07.860535	t	cbiggshs@google.com.au	\N
650	Bentlee	Werrit	1333334422	4	2022-09-16 12:49:07.928631	t	bwerritht@unesco.org	\N
651	Randolph	Lugard	413415351	4	2022-09-16 12:49:08.050706	t	rlugardhu@histats.com	\N
652	Karry	Cadlock	1435411423	4	2022-09-16 12:49:08.28716	t	kcadlockhv@cbc.ca	\N
653	Corrina	Bysouth	2505111545	4	2022-09-16 12:49:08.402171	t	cbysouthhw@icq.com	\N
654	Filip	Sonschein	144524344	1	2022-09-16 12:49:08.480932	t	fsonscheinhx@hao123.com	\N
655	Bernardine	Foxhall	3223352242	3	2022-09-16 12:49:08.604997	t	bfoxhallhy@shareasale.com	\N
656	Carline	Douthwaite	2033330333	2	2022-09-16 12:49:08.678079	t	cdouthwaitehz@whitehouse.gov	\N
657	Darrelle	Owbrick	3334514255	2	2022-09-16 12:49:08.788068	t	dowbricki0@cargocollective.com	\N
658	Gray	Roston	3342222444	5	2022-09-16 12:49:08.91354	t	grostoni1@nature.com	\N
659	Loise	Labbet	3245250245	4	2022-09-16 12:49:08.976856	t	llabbeti2@dedecms.com	\N
660	Micki	Parmeter	5042523513	2	2022-09-16 12:49:09.180494	t	mparmeteri3@npr.org	\N
661	Sofia	Cozzi	3404123235	2	2022-09-16 12:49:09.242942	t	scozzii4@homestead.com	\N
662	Vivianne	Carress	3342053324	5	2022-09-16 12:49:09.323298	t	vcarressi5@foxnews.com	\N
663	Christophorus	Lorentz	2452002024	1	2022-09-16 12:49:09.548032	t	clorentzi5@wikia.com	\N
664	Evin	Higford	5322240551	3	2022-09-16 12:49:09.657481	t	ehigfordi3@cam.ac.uk	\N
665	Tasha	Ferrieroi	144233021	4	2022-09-16 12:49:09.994583	t	tferrieroii4@nps.gov	\N
666	Heddie	Holton	3003024424	5	2022-09-16 12:49:10.071435	t	hholtoni2@jiathis.com	\N
667	Clarissa	Iffland	5132222555	5	2022-09-16 12:49:10.302893	t	cifflandia@gmpg.org	\N
668	Celestyna	Hayden	5353444354	2	2022-09-16 12:49:10.316595	t	chaydenib@zimbio.com	\N
669	Wileen	Annand	4034520321	3	2022-09-16 12:49:10.478096	t	wannandic@joomla.org	\N
670	Bernita	De Cruze	3235230424	1	2022-09-16 12:49:11.120969	t	bdecruzeid@spiegel.de	\N
671	Binky	Cornock	4153234431	1	2022-09-16 12:49:11.155904	t	bcornockie@berkeley.edu	\N
672	Mikol	Burden	4021455033	4	2022-09-16 12:49:11.265751	t	mburdenif@sphinn.com	\N
673	Arv	Ilott	4043444523	4	2022-09-16 12:49:11.741923	t	ailottig@ucoz.ru	\N
674	Kinny	Dupoy	1522334224	2	2022-09-16 12:49:11.896035	t	kdupoyih@china.com.cn	\N
675	Riley	Crowe	4524302300	1	2022-09-16 12:49:12.027453	t	rcroweii@smugmug.com	\N
676	Wyndham	Kramer	3322213343	2	2022-09-16 12:49:12.102793	t	wkramerij@usatoday.com	\N
677	Denys	Urlich	5403042554	1	2022-09-16 12:49:12.632632	t	durlichik@freewebs.com	\N
678	Eustace	Farndale	2115543543	1	2022-09-16 12:49:12.666565	t	efarndaleil@dyndns.org	\N
679	Bing	Beeden	5311234234	3	2022-09-16 12:49:12.742598	t	bbeedenim@java.com	\N
680	Floris	Norrie	3034451230	4	2022-09-16 12:49:12.916172	t	fnorriein@wordpress.com	\N
681	Gage	Kunzler	3553352235	3	2022-09-16 12:49:13.424669	t	gkunzlerio@oaic.gov.au	\N
682	Silas	Pearse	5214502054	3	2022-09-16 12:49:13.469614	t	spearseip@arizona.edu	\N
683	Annis	Shadrach	3535120455	4	2022-09-16 12:49:13.657354	t	ashadrachiq@apple.com	\N
684	Hardy	Juszczak	4433520353	3	2022-09-16 12:49:13.757155	t	hjuszczakir@bluehost.com	\N
685	Bailie	Lund	4254425424	3	2022-09-16 12:49:14.126596	t	blundis@yellowpages.com	\N
686	Killie	Elphey	4303222544	4	2022-09-16 12:49:14.2187	t	kelpheyit@tinyurl.com	\N
687	Thebault	Joddins	3535132205	5	2022-09-16 12:49:14.375646	t	tjoddinsiu@washington.edu	\N
688	Antonetta	Bour	3545255321	4	2022-09-16 12:49:14.469269	t	abouriv@sina.com.cn	\N
689	Kermie	Zellmer	3021454312	5	2022-09-16 12:49:14.48585	t	kzellmeriw@guardian.co.uk	\N
690	Keelia	O'Henery	4434123253	2	2022-09-16 12:49:14.617622	t	koheneryix@ihg.com	\N
691	Raimund	Kaemena	5244225355	5	2022-09-16 12:49:14.749001	t	rkaemenaiy@creativecommons.org	\N
692	Juieta	De Francesco	2545022425	4	2022-09-16 12:49:14.968439	t	jdefrancescoiz@usatoday.com	\N
693	Giulio	O'Sherin	2422452215	4	2022-09-16 12:49:15.039205	t	gosherinj0@shareasale.com	\N
694	Guido	Garvill	2153554404	1	2022-09-16 12:49:15.250932	t	ggarvillj1@taobao.com	\N
695	Rees	Rolfi	4434434524	4	2022-09-16 12:49:15.320129	t	rrolfij2@istockphoto.com	\N
696	Orsola	Greiser	5545442205	1	2022-09-16 12:49:15.531568	t	ogreiserj3@japanpost.jp	\N
697	Leupold	Jarnell	1545434533	2	2022-09-16 12:49:15.599624	t	ljarnellj4@vkontakte.ru	\N
698	Mollee	Philimore	4245320151	4	2022-09-16 12:49:15.66335	t	mphilimorej5@fastcompany.com	\N
699	Tillie	Scriver	2323453505	5	2022-09-16 12:49:15.811225	t	tscriverj5@cnbc.com	\N
700	Ferdy	Portal	1442152444	5	2022-09-16 12:49:15.882184	t	fportalj3@fema.gov	\N
701	Katrina	Mityukov	4442225505	3	2022-09-16 12:49:15.969352	t	kmityukovj4@flickr.com	\N
702	Travus	Goolden	345201114	3	2022-09-16 12:49:16.094433	t	tgooldenj2@usda.gov	\N
703	Rodrick	Catcherside	4353344123	5	2022-09-16 12:49:16.235971	t	rcatchersideja@macromedia.com	\N
704	Starr	Ambroisin	4504040523	1	2022-09-16 12:49:16.470173	t	sambroisinjb@tamu.edu	\N
705	Alice	Marioneau	5542525240	2	2022-09-16 12:49:16.547302	t	amarioneaujc@ehow.com	\N
706	Griz	Brandacci	5542023225	5	2022-09-16 12:49:16.62567	t	gbrandaccijd@xing.com	\N
707	Rheta	Lidgett	4523535322	4	2022-09-16 12:49:16.751029	t	rlidgettje@fema.gov	\N
708	Claudine	Showering	240335513	1	2022-09-16 12:49:17.015992	t	cshoweringjf@posterous.com	\N
709	Peyton	Balogun	1335533435	1	2022-09-16 12:49:17.233185	t	pbalogunjg@clickbank.net	\N
710	Breena	Lissandre	5202255341	5	2022-09-16 12:49:17.391641	t	blissandrejh@google.ca	\N
711	Brand	Dron	3333504213	1	2022-09-16 12:49:17.473607	t	bdronji@merriam-webster.com	\N
712	Austine	Sanper	2224244520	5	2022-09-16 12:49:17.487674	t	asanperjj@japanpost.jp	\N
713	Brietta	Wreford	5252345551	1	2022-09-16 12:49:17.499332	t	bwrefordjk@irs.gov	\N
714	Lily	Bankhurst	4251454433	3	2022-09-16 12:49:17.633787	t	lbankhurstjl@artisteer.com	\N
715	Wallie	De Maria	5403345344	4	2022-09-16 12:49:17.649996	t	wdemariajm@dailymail.co.uk	\N
716	Sibylla	O'Riordan	2514305213	4	2022-09-16 12:49:17.874989	t	soriordanjn@army.mil	\N
717	Corey	Olivari	5035532254	5	2022-09-16 12:49:18.000555	t	colivarijo@usa.gov	\N
718	Emmye	Kermitt	4253244241	1	2022-09-16 12:49:18.157726	t	ekermittjp@tinyurl.com	\N
719	Vale	Whapham	2445454412	1	2022-09-16 12:49:18.250464	t	vwhaphamjq@networksolutions.com	\N
720	Misha	Wise	3124142505	4	2022-09-16 12:49:18.593861	t	mwisejr@bizjournals.com	\N
721	Korney	Phizacklea	2301244234	4	2022-09-16 12:49:18.892781	t	kphizackleajs@howstuffworks.com	\N
722	Kurt	Basnett	2402225552	1	2022-09-16 12:49:18.971819	t	kbasnettjt@miibeian.gov.cn	\N
723	Flynn	Drewett	3432554035	4	2022-09-16 12:49:18.990931	t	fdrewettju@wikipedia.org	\N
724	Ronnica	Polglaze	5532235134	5	2022-09-16 12:49:19.129027	t	rpolglazejv@scribd.com	\N
725	Alberta	Fritchley	3055313133	3	2022-09-16 12:49:19.331725	t	afritchleyjw@miitbeian.gov.cn	\N
726	Annora	Wathall	2222250535	3	2022-09-16 12:49:19.53804	t	awathalljx@prlog.org	\N
727	Javier	Hegel	4433244253	5	2022-09-16 12:49:19.615651	t	jhegeljy@aol.com	\N
728	Drew	Blanpein	2002220423	5	2022-09-16 12:49:19.812087	t	dblanpeinjz@telegraph.co.uk	\N
729	Alexio	Stuke	2454554054	4	2022-09-16 12:49:19.894776	t	astukek0@reddit.com	\N
730	Merrielle	Clubbe	5435540443	1	2022-09-16 12:49:20.116785	t	mclubbek1@cbsnews.com	\N
731	Uriah	McGilmartin	3243203023	4	2022-09-16 12:49:20.195805	t	umcgilmartink2@multiply.com	\N
732	Cyndy	Fellenor	3211355035	1	2022-09-16 12:49:20.328545	t	cfellenork3@illinois.edu	\N
733	Yvon	Atkinson	5055435242	4	2022-09-16 12:49:20.735744	t	yatkinsonk4@cloudflare.com	\N
734	Newton	Oosthout de Vree	2442205553	1	2022-09-16 12:49:20.752253	t	noosthoutdevreek5@rakuten.co.jp	\N
735	Donnajean	Abbes	3342453214	3	2022-09-16 12:49:20.984024	t	dabbesk5@timesonline.co.uk	\N
736	Gianina	Broster	4434252320	3	2022-09-16 12:49:21.01554	t	gbrosterk3@biblegateway.com	\N
737	Ruprecht	Rudderham	4532452024	2	2022-09-16 12:49:21.219008	t	rrudderhamk4@privacy.gov.au	\N
738	Cornie	Philippsohn	1253345550	2	2022-09-16 12:49:21.547882	t	cphilippsohnk2@europa.eu	\N
739	Arleta	Davsley	3124213212	3	2022-09-16 12:49:21.905661	t	adavsleyka@aboutads.info	\N
740	Anabel	Crannach	5332422325	5	2022-09-16 12:49:21.928874	t	acrannachkb@nbcnews.com	\N
741	Gunar	Rosser	2455203543	2	2022-09-16 12:49:22.168519	t	grosserkc@apple.com	\N
742	Elenore	Birkbeck	3132554304	3	2022-09-16 12:49:22.357306	t	ebirkbeckkd@youtu.be	\N
743	Barnabe	Nickless	1221342503	1	2022-09-16 12:49:22.514265	t	bnicklesske@amazonaws.com	\N
744	Mame	Lamberts	5155442302	4	2022-09-16 12:49:22.749515	t	mlambertskf@qq.com	\N
745	Amity	Lodder	2405223534	3	2022-09-16 12:49:22.77388	t	alodderkg@umich.edu	\N
746	Abra	Risely	3133212543	1	2022-09-16 12:49:22.984403	t	ariselykh@networksolutions.com	\N
747	Kristian	Coch	3304555443	4	2022-09-16 12:49:23.234772	t	kcochki@flickr.com	\N
748	Geoff	Stoppe	5042122320	2	2022-09-16 12:49:23.317763	t	gstoppekj@prnewswire.com	\N
749	Kasper	Leah	1453303130	4	2022-09-16 12:49:23.547696	t	kleahkk@geocities.jp	\N
750	Hy	Baraja	1231211534	1	2022-09-16 12:49:23.843959	t	hbarajakl@netlog.com	\N
751	Jeramey	Turmall	2335235055	4	2022-09-16 12:49:24.252173	t	jturmallkm@aol.com	\N
752	Christi	Varah	5552042553	2	2022-09-16 12:49:24.296078	t	cvarahkn@xrea.com	\N
753	Pooh	Saltmarshe	322352451	5	2022-09-16 12:49:24.308579	t	psaltmarsheko@tuttocitta.it	\N
754	Sabine	Dandy	1521314355	3	2022-09-16 12:49:24.347234	t	sdandykp@nhs.uk	\N
755	Leena	Thomerson	111522533	3	2022-09-16 12:49:24.362709	t	lthomersonkq@nsw.gov.au	\N
756	Homer	Slite	4132445413	5	2022-09-16 12:49:24.408705	t	hslitekr@eventbrite.com	\N
757	Bonita	Rosenqvist	5202351450	1	2022-09-16 12:49:24.428868	t	brosenqvistks@toplist.cz	\N
758	Pearla	Borman	4311342313	2	2022-09-16 12:49:24.537412	t	pbormankt@wikia.com	\N
759	Abbi	Truman	3235531532	1	2022-09-16 12:49:24.600832	t	atrumanku@webs.com	\N
760	Julienne	McFarlan	111421341	4	2022-09-16 12:49:24.736985	t	jmcfarlankv@biglobe.ne.jp	\N
761	Othella	Ripping	3435450235	3	2022-09-16 12:49:24.865916	t	orippingkw@nps.gov	\N
762	Sutherland	Whitehair	2523201552	5	2022-09-16 12:49:25.004839	t	swhitehairkx@mac.com	\N
763	Zechariah	Antoni	5015025430	5	2022-09-16 12:49:25.160268	t	zantoniky@printfriendly.com	\N
764	Nicole	Brea	2525225333	3	2022-09-16 12:49:25.221218	t	nbreakz@themeforest.net	\N
765	Dale	Moores	123132201	1	2022-09-16 12:49:25.312508	t	dmooresl0@aboutads.info	\N
766	Tiffani	Bontine	3522441521	1	2022-09-16 12:49:25.362157	t	tbontinel1@engadget.com	\N
767	Tammy	Abbison	5052355044	1	2022-09-16 12:49:25.455855	t	tabbisonl2@tumblr.com	\N
768	Claribel	Cartmail	4123211212	5	2022-09-16 12:49:25.52442	t	ccartmaill3@flickr.com	\N
769	Carrie	O'Nion	2253523235	1	2022-09-16 12:49:25.598965	t	conionl4@aol.com	\N
770	Sissy	O'Glassane	3531345411	3	2022-09-16 12:49:25.754448	t	soglassanel5@webnode.com	\N
771	Isahella	Driuzzi	4543504213	4	2022-09-16 12:49:25.802557	t	idriuzzil5@reuters.com	\N
772	Goddart	Burch	5453302544	3	2022-09-16 12:49:25.818208	t	gburchl3@ameblo.jp	\N
773	Millisent	Danko	2315244313	1	2022-09-16 12:49:25.854356	t	mdankol4@bing.com	\N
774	Arlinda	Buggs	1445043432	4	2022-09-16 12:49:25.869022	t	abuggsl2@sina.com.cn	\N
775	Ned	Swaddle	5131342335	4	2022-09-16 12:49:25.928964	t	nswaddlela@flickr.com	\N
776	Danny	Grigolon	2005311354	1	2022-09-16 12:49:25.98859	t	dgrigolonlb@miitbeian.gov.cn	\N
777	Odelia	Seagrove	4235552345	3	2022-09-16 12:49:26.010281	t	oseagrovelc@ibm.com	\N
778	Sandi	Barnby	3444142054	2	2022-09-16 12:49:26.111513	t	sbarnbyld@stanford.edu	\N
779	Tibold	Dubery	1244245545	5	2022-09-16 12:49:26.174484	t	tduberyle@telegraph.co.uk	\N
780	Bastien	Aronstam	2403323433	1	2022-09-16 12:49:26.268388	t	baronstamlf@drupal.org	\N
781	Rory	Simanenko	4252032453	4	2022-09-16 12:49:26.335324	t	rsimanenkolg@free.fr	\N
782	Colby	Hanster	5534231505	3	2022-09-16 12:49:26.549152	t	chansterlh@techcrunch.com	\N
783	Jill	Scopes	4034245054	1	2022-09-16 12:49:26.616744	t	jscopesli@g.co	\N
784	Eldridge	Greatbank	5214542525	3	2022-09-16 12:49:26.6605	t	egreatbanklj@wordpress.com	\N
785	Randie	Olman	3235302323	3	2022-09-16 12:49:26.719933	t	rolmanlk@cnet.com	\N
786	Stacee	Mustin	4335042324	5	2022-09-16 12:49:26.74289	t	smustinll@amazonaws.com	\N
787	Vic	Zmitrovich	4023435251	2	2022-09-16 12:49:26.855275	t	vzmitrovichlm@miitbeian.gov.cn	\N
788	Sioux	Trathen	5542222044	3	2022-09-16 12:49:26.873351	t	strathenln@pen.io	\N
789	Leodora	Horsey	3241141153	3	2022-09-16 12:49:26.942629	t	lhorseylo@dropbox.com	\N
790	Giulietta	McPeeters	4423353053	1	2022-09-16 12:49:26.957923	t	gmcpeeterslp@slashdot.org	\N
791	Rozanna	Lacoste	5053423205	4	2022-09-16 12:49:26.977338	t	rlacostelq@livejournal.com	\N
792	Nikola	Credland	3112401242	3	2022-09-16 12:49:26.994103	t	ncredlandlr@woothemes.com	\N
793	Margaux	Arnett	3033514444	5	2022-09-16 12:49:27.015529	t	marnettls@imageshack.us	\N
794	Christoph	Giovannazzi	2502242341	5	2022-09-16 12:49:27.046071	t	cgiovannazzilt@toplist.cz	\N
795	Aurelia	Brame	3503235252	3	2022-09-16 12:49:27.07159	t	abramelu@topsy.com	\N
796	Dulcea	Tacey	5204143335	2	2022-09-16 12:49:27.098831	t	dtaceylv@edublogs.org	\N
797	Elka	Rosenzwig	5045132325	1	2022-09-16 12:49:27.125144	t	erosenzwiglw@sphinn.com	\N
798	Juline	Galvan	1222533344	5	2022-09-16 12:49:27.198856	t	jgalvanlx@bing.com	\N
799	Andy	Fishby	122445132	1	2022-09-16 12:49:27.244762	t	afishbyly@archive.org	\N
800	Tann	Yitshak	2324442213	5	2022-09-16 12:49:27.259854	t	tyitshaklz@netscape.com	\N
801	Herold	Gatecliff	5013442341	4	2022-09-16 12:49:27.297775	t	hgatecliffm0@vkontakte.ru	\N
802	Harriott	Seldon	2223535354	3	2022-09-16 12:49:27.328908	t	hseldonm1@howstuffworks.com	\N
803	Kristofor	De Laci	4153501213	2	2022-09-16 12:49:27.432577	t	kdelacim2@jiathis.com	\N
804	Bell	Grimolbie	2312522535	5	2022-09-16 12:49:27.450173	t	bgrimolbiem3@pagesperso-orange.fr	\N
805	Judy	Albrook	2333242452	5	2022-09-16 12:49:27.50023	t	jalbrookm4@techcrunch.com	\N
806	Harlan	Caser	3335050440	1	2022-09-16 12:49:27.600767	t	hcaserm5@i2i.jp	\N
807	Merrielle	Gerrish	2235353434	3	2022-09-16 12:49:27.687366	t	mgerrishm5@google.com.br	\N
808	Adrea	Sweetman	5252145411	1	2022-09-16 12:49:27.752044	t	asweetmanm3@printfriendly.com	\N
809	Joelynn	Branca	5312442043	5	2022-09-16 12:49:27.802633	t	jbrancam4@imgur.com	\N
810	Alexine	Abrahm	4434025554	5	2022-09-16 12:49:27.817464	t	aabrahmm2@loc.gov	\N
811	Glen	Hallahan	3454253515	1	2022-09-16 12:49:27.86497	t	ghallahanma@facebook.com	\N
812	Lotte	Melvin	5212055044	1	2022-09-16 12:49:27.933539	t	lmelvinmb@liveinternet.ru	\N
813	Prince	MacPherson	2432350530	2	2022-09-16 12:49:28.023381	t	pmacphersonmc@ted.com	\N
814	Sara-ann	Tyres	2334334133	3	2022-09-16 12:49:28.073052	t	styresmd@nsw.gov.au	\N
815	Stefano	Inkpen	5434422344	4	2022-09-16 12:49:28.090487	t	sinkpenme@so-net.ne.jp	\N
816	Ealasaid	Frosdick	4533324233	2	2022-09-16 12:49:28.166154	t	efrosdickmf@barnesandnoble.com	\N
817	Bryn	Ferson	2235544333	2	2022-09-16 12:49:28.215884	t	bfersonmg@paypal.com	\N
818	Marty	Biskupski	1455420222	4	2022-09-16 12:49:28.265664	t	mbiskupskimh@live.com	\N
819	Prentice	Mannooch	1525523305	2	2022-09-16 12:49:28.320891	t	pmannoochmi@techcrunch.com	\N
820	Fransisco	Lipman	4233232522	3	2022-09-16 12:49:28.47978	t	flipmanmj@hc350.com	\N
821	Cleopatra	Desorts	443515043	5	2022-09-16 12:49:28.572739	t	cdesortsmk@blog.com	\N
822	Lynelle	Keneforde	5452223434	1	2022-09-16 12:49:28.606746	t	lkenefordeml@4shared.com	\N
823	Mohandas	Gabler	5313415355	2	2022-09-16 12:49:28.732606	t	mgablermm@homestead.com	\N
824	Gypsy	Fairbrother	3442233014	1	2022-09-16 12:49:28.869283	t	gfairbrothermn@auda.org.au	\N
825	Gage	Fender	4545201552	2	2022-09-16 12:49:28.973809	t	gfendermo@guardian.co.uk	\N
826	Ilysa	Ganderton	3242203344	4	2022-09-16 12:49:29.083649	t	igandertonmp@feedburner.com	\N
827	Lynde	Blodgett	5144423042	5	2022-09-16 12:49:29.101691	t	lblodgettmq@networksolutions.com	\N
828	Beale	McRavey	4344431254	4	2022-09-16 12:49:29.160538	t	bmcraveymr@com.com	\N
829	Germaine	Hagart	4444314034	5	2022-09-16 12:49:29.208362	t	ghagartms@census.gov	\N
830	Anton	Episcopio	3244524325	3	2022-09-16 12:49:29.272518	t	aepiscopiomt@blinklist.com	\N
831	Nathalia	Tomaszewicz	3113355223	4	2022-09-16 12:49:29.287724	t	ntomaszewiczmu@merriam-webster.com	\N
832	Inge	Abdie	3223453402	3	2022-09-16 12:49:29.303545	t	iabdiemv@paginegialle.it	\N
833	Si	Chidwick	244403331	1	2022-09-16 12:49:29.316349	t	schidwickmw@google.ru	\N
834	Bobine	Berre	3343423223	1	2022-09-16 12:49:29.332331	t	bberremx@bigcartel.com	\N
835	Carolus	Mewis	3214421440	3	2022-09-16 12:49:29.350082	t	cmewismy@networksolutions.com	\N
836	Virginia	Northey	5335545542	5	2022-09-16 12:49:29.384848	t	vnortheymz@oakley.com	\N
837	Yorker	Gainseford	4233354145	3	2022-09-16 12:49:29.411226	t	ygainsefordn0@chicagotribune.com	\N
838	Jessamine	Assaf	1323115440	5	2022-09-16 12:49:29.426159	t	jassafn1@freewebs.com	\N
839	Mozes	McCann	2135343352	4	2022-09-16 12:49:29.459829	t	mmccannn2@engadget.com	\N
840	Thaddus	Finlaison	5354514340	1	2022-09-16 12:49:29.496356	t	tfinlaisonn3@chronoengine.com	\N
841	Ange	MacGilrewy	5333501421	5	2022-09-16 12:49:29.530687	t	amacgilrewyn4@mapquest.com	\N
842	Kathrine	Roberti	1144224442	3	2022-09-16 12:49:29.549296	t	krobertin5@webs.com	\N
843	Pet	Schubbert	2445250035	3	2022-09-16 12:49:29.570511	t	pschubbertn5@last.fm	\N
844	Brodie	Rosenstiel	4352332245	2	2022-09-16 12:49:29.647751	t	brosenstieln3@last.fm	\N
845	Margi	Colleer	3444532423	2	2022-09-16 12:49:29.667481	t	mcolleern4@cargocollective.com	\N
846	Charmion	Shephard	3233243213	4	2022-09-16 12:49:29.691972	t	cshephardn2@usa.gov	\N
847	Carolina	Ackred	2452205044	3	2022-09-16 12:49:29.708022	t	cackredna@desdev.cn	\N
848	Randene	Dennick	4444553333	1	2022-09-16 12:49:29.743857	t	rdennicknb@cmu.edu	\N
849	Fionnula	Sandland	3152054523	5	2022-09-16 12:49:29.754666	t	fsandlandnc@t.co	\N
850	Mel	Schubert	4252232404	4	2022-09-16 12:49:29.767098	t	mschubertnd@sakura.ne.jp	\N
851	Morgan	Rowswell	5422013155	4	2022-09-16 12:49:29.795904	t	mrowswellne@blog.com	\N
852	Jyoti	Jachtym	3235321434	4	2022-09-16 12:49:29.885907	t	jjachtymnf@virginia.edu	\N
853	Harlin	Kitchinghan	3332142502	4	2022-09-16 12:49:29.913848	t	hkitchinghanng@prweb.com	\N
854	Merry	Wade	3502245345	4	2022-09-16 12:49:29.96545	t	mwadenh@scribd.com	\N
855	Tobi	Chipman	4541243311	2	2022-09-16 12:49:30.100676	t	tchipmanni@forbes.com	\N
856	Joseph	Ledward	2545453442	4	2022-09-16 12:49:30.113153	t	jledwardnj@google.cn	\N
857	Margo	Caughte	5355535154	5	2022-09-16 12:49:30.14711	t	mcaughtenk@jugem.jp	\N
858	Chevalier	Goligly	4315534144	3	2022-09-16 12:49:30.351382	t	cgoliglynl@arstechnica.com	\N
859	Barnie	Girardi	5133433204	4	2022-09-16 12:49:30.386367	t	bgirardinm@bbb.org	\N
860	Alberta	Spaughton	3032343532	3	2022-09-16 12:49:30.416846	t	aspaughtonnn@nps.gov	\N
861	Marris	Edgcumbe	3415135214	3	2022-09-16 12:49:30.514861	t	medgcumbeno@ox.ac.uk	\N
862	Josi	Aleswell	3333520434	2	2022-09-16 12:49:30.52901	t	jaleswellnp@seattletimes.com	\N
863	Inna	Vondra	5252303131	4	2022-09-16 12:49:30.545793	t	ivondranq@bloglines.com	\N
864	Francisco	Surplice	2243431534	1	2022-09-16 12:49:30.5839	t	fsurplicenr@newyorker.com	\N
865	Baxie	Ivashchenko	4432331531	2	2022-09-16 12:49:30.615772	t	bivashchenkons@vimeo.com	\N
866	Sherrie	Hainey	3315445311	5	2022-09-16 12:49:30.633598	t	shaineynt@1und1.de	\N
867	Maridel	Hay	4433500321	5	2022-09-16 12:49:30.69858	t	mhaynu@elpais.com	\N
868	Archibold	Evins	3125201541	2	2022-09-16 12:49:30.713661	t	aevinsnv@alexa.com	\N
869	Godfree	Baszkiewicz	3204134244	4	2022-09-16 12:49:30.850959	t	gbaszkiewicznw@acquirethisname.com	\N
870	Justin	Glavin	5515152532	1	2022-09-16 12:49:30.91205	t	jglavinnx@friendfeed.com	\N
871	Even	Keesman	5235112002	4	2022-09-16 12:49:30.968686	t	ekeesmanny@stanford.edu	\N
872	Augustine	Trimble	5034442233	3	2022-09-16 12:49:30.986633	t	atrimblenz@350.cn	\N
873	Gleda	Erett	2054243113	3	2022-09-16 12:49:31.050796	t	geretto0@state.gov	\N
874	Dame	Toderbrugge	3145254235	1	2022-09-16 12:49:31.085455	t	dtoderbruggeo1@wp.com	\N
875	Bastien	Chanson	5025432451	4	2022-09-16 12:49:31.150967	t	bchansono2@addthis.com	\N
876	Al	Lisamore	5542303512	1	2022-09-16 12:49:31.320349	t	alisamoreo3@unesco.org	\N
877	Midge	Azam	522125334	4	2022-09-16 12:49:31.338731	t	mazamo4@ebay.com	\N
878	Raquela	Facer	2315335314	3	2022-09-16 12:49:31.366523	t	rfacero5@prnewswire.com	\N
879	Tally	McKennan	5451233523	4	2022-09-16 12:49:31.434827	t	tmckennano5@sbwire.com	\N
880	Constantino	Cozzi	132344221	5	2022-09-16 12:49:31.599862	t	ccozzio3@webs.com	\N
881	Chad	Rodders	4115403153	2	2022-09-16 12:49:31.816735	t	crodderso4@etsy.com	\N
882	Willyt	Rime	2242453324	4	2022-09-16 12:49:31.84613	t	wrimeo2@instagram.com	\N
883	Kenyon	Torritti	1441404342	4	2022-09-16 12:49:31.984431	t	ktorrittioa@hatena.ne.jp	\N
884	Brandice	Townsley	5323325030	4	2022-09-16 12:49:32.0345	t	btownsleyob@friendfeed.com	\N
885	Peyton	Cabena	3254342523	3	2022-09-16 12:49:32.049889	t	pcabenaoc@addtoany.com	\N
886	Tanhya	Brauner	4242225235	5	2022-09-16 12:49:32.079758	t	tbraunerod@apache.org	\N
887	Pryce	Praundl	4403235425	1	2022-09-16 12:49:32.099553	t	ppraundloe@ow.ly	\N
888	Karin	Dawley	124214350	5	2022-09-16 12:49:32.187523	t	kdawleyof@hugedomains.com	\N
889	Gareth	Kettley	3035153152	4	2022-09-16 12:49:32.211991	t	gkettleyog@w3.org	\N
890	Walker	Pawling	4253352134	4	2022-09-16 12:49:32.234418	t	wpawlingoh@desdev.cn	\N
891	Ephrayim	Sellen	3245321243	2	2022-09-16 12:49:32.250587	t	esellenoi@businessinsider.com	\N
892	Shoshanna	Heaselgrave	5332520330	3	2022-09-16 12:49:32.313085	t	sheaselgraveoj@google.com.au	\N
893	Lisette	Label	3533544330	2	2022-09-16 12:49:32.344951	t	llabelok@tripod.com	\N
894	Kelly	Syddon	5454551355	2	2022-09-16 12:49:32.365959	t	ksyddonol@paypal.com	\N
895	Mallory	Samett	4143555543	3	2022-09-16 12:49:32.514789	t	msamettom@guardian.co.uk	\N
896	Jacklin	Richarson	2234244525	1	2022-09-16 12:49:32.535657	t	jricharsonon@omniture.com	\N
897	Marcelle	Hazzard	5244332432	4	2022-09-16 12:49:32.550675	t	mhazzardoo@un.org	\N
898	Fremont	Biles	242153451	1	2022-09-16 12:49:32.562167	t	fbilesop@nsw.gov.au	\N
899	Kahaleel	Pickles	2223255450	4	2022-09-16 12:49:32.724562	t	kpicklesoq@mit.edu	\N
900	Danielle	Thomerson	5231341322	4	2022-09-16 12:49:32.819194	t	dthomersonor@linkedin.com	\N
901	Sheena	Demko	3424255024	5	2022-09-16 12:49:32.867799	t	sdemkoos@is.gd	\N
902	Marris	Abbate	1242202234	5	2022-09-16 12:49:32.898233	t	mabbateot@mail.ru	\N
903	Hodge	Bownes	4515404454	3	2022-09-16 12:49:32.969296	t	hbownesou@google.de	\N
904	Leonhard	Crannell	4401313324	3	2022-09-16 12:49:33.017217	t	lcrannellov@geocities.jp	\N
905	Mariska	Litherborough	4251242330	4	2022-09-16 12:49:33.033394	t	mlitherboroughow@moonfruit.com	\N
906	Ephrem	Aish	2412244030	5	2022-09-16 12:49:33.078228	t	eaishox@europa.eu	\N
907	Lavinie	Jayume	2525235153	5	2022-09-16 12:49:33.100703	t	ljayumeoy@squidoo.com	\N
908	Merilyn	Rentoul	4044143200	4	2022-09-16 12:49:33.313938	t	mrentouloz@vk.com	\N
909	Matty	Twinning	4153555524	3	2022-09-16 12:49:33.327554	t	mtwinningp0@alexa.com	\N
910	Paulie	Barracks	3343113553	4	2022-09-16 12:49:33.35088	t	pbarracksp1@php.net	\N
911	Renaud	Lovatt	5223023555	3	2022-09-16 12:49:33.407489	t	rlovattp2@xing.com	\N
912	Haskell	Loomis	5254124555	2	2022-09-16 12:49:33.419141	t	hloomisp3@ftc.gov	\N
913	Feliks	Minnis	5231545213	5	2022-09-16 12:49:33.439923	t	fminnisp4@github.com	\N
914	Knox	Taylo	4154555445	3	2022-09-16 12:49:33.469881	t	ktaylop5@earthlink.net	\N
915	Rutter	Simes	5153422531	4	2022-09-16 12:49:33.55025	t	rsimesp5@bloomberg.com	\N
916	Finn	Palffrey	5545325012	5	2022-09-16 12:49:33.663132	t	fpalffreyp3@wired.com	\N
917	Laney	Bate	304424210	5	2022-09-16 12:49:33.723008	t	lbatep4@alexa.com	\N
918	Sashenka	Dollard	4434524334	3	2022-09-16 12:49:33.752664	t	sdollardp2@twitpic.com	\N
919	Yetty	Earney	3431552033	1	2022-09-16 12:49:33.79978	t	yearneypa@macromedia.com	\N
920	Rosemary	Harness	3215530203	3	2022-09-16 12:49:33.833529	t	rharnesspb@sakura.ne.jp	\N
921	Paulie	Curuclis	5251431233	1	2022-09-16 12:49:33.864077	t	pcuruclispc@dailymail.co.uk	\N
922	Clarice	Korneluk	2221231253	1	2022-09-16 12:49:34.028919	t	ckornelukpd@xinhuanet.com	\N
923	Julianna	Stut	3354122444	2	2022-09-16 12:49:34.043036	t	jstutpe@gmpg.org	\N
924	Kenon	Aylott	2532114555	2	2022-09-16 12:49:34.072795	t	kaylottpf@cdc.gov	\N
925	Vicki	Siley	2201530540	2	2022-09-16 12:49:34.166985	t	vsileypg@dagondesign.com	\N
926	Quinn	Castiello	4031332443	4	2022-09-16 12:49:34.182111	t	qcastielloph@wisc.edu	\N
927	Lydie	Sapir	2524232045	1	2022-09-16 12:49:34.195752	t	lsapirpi@wix.com	\N
928	Chelsae	Skells	442104533	1	2022-09-16 12:49:34.214472	t	cskellspj@sohu.com	\N
929	Pen	Shearmer	4343400205	3	2022-09-16 12:49:34.272708	t	pshearmerpk@hc350.com	\N
930	Alvie	Crossby	1505443413	4	2022-09-16 12:49:34.326063	t	acrossbypl@comcast.net	\N
931	Fredia	Prettyjohn	2035125343	1	2022-09-16 12:49:34.367516	t	fprettyjohnpm@redcross.org	\N
932	Tiffie	Figliovanni	3223453535	2	2022-09-16 12:49:34.385469	t	tfigliovannipn@wufoo.com	\N
933	May	Heffernon	322115251	1	2022-09-16 12:49:34.400583	t	mheffernonpo@nyu.edu	\N
934	Chanda	Harlick	2054303113	3	2022-09-16 12:49:34.431424	t	charlickpp@networksolutions.com	\N
935	Bale	Michin	2422320353	2	2022-09-16 12:49:34.444948	t	bmichinpq@infoseek.co.jp	\N
936	Zonnya	Tearny	4023252500	3	2022-09-16 12:49:34.531135	t	ztearnypr@economist.com	\N
937	Reeba	Dudbridge	5013215352	2	2022-09-16 12:49:34.546519	t	rdudbridgeps@pbs.org	\N
938	Wright	De la Eglise	2412252225	2	2022-09-16 12:49:34.560371	t	wdelaeglisept@go.com	\N
939	Stella	Cropp	4414441542	1	2022-09-16 12:49:34.664478	t	scropppu@sitemeter.com	\N
940	Shirlene	McGow	4555500502	4	2022-09-16 12:49:34.766075	t	smcgowpv@harvard.edu	\N
941	Jean	Reyburn	2544253041	2	2022-09-16 12:49:34.875926	t	jreyburnpw@theguardian.com	\N
942	Charil	Kuschke	1533523021	3	2022-09-16 12:49:34.91953	t	ckuschkepx@vinaora.com	\N
943	Man	Jeduch	2304445343	5	2022-09-16 12:49:34.943724	t	mjeduchpy@deliciousdays.com	\N
944	Dulcia	Earland	555421232	5	2022-09-16 12:49:35.13001	t	dearlandpz@shareasale.com	\N
945	Briana	Matuszewski	2134223243	2	2022-09-16 12:49:35.532414	t	bmatuszewskiq0@dedecms.com	\N
946	Armand	Center	4504255554	1	2022-09-16 12:49:35.551676	t	acenterq1@weebly.com	\N
947	Uriel	Lutman	1204245432	2	2022-09-16 12:49:35.573051	t	ulutmanq2@gravatar.com	\N
948	Kermie	Tutton	4245255122	5	2022-09-16 12:49:35.58682	t	ktuttonq3@adobe.com	\N
949	Gladi	Adney	5034415033	4	2022-09-16 12:49:35.601564	t	gadneyq4@bing.com	\N
950	Lezley	Pymar	5503235420	3	2022-09-16 12:49:35.690226	t	lpymarq5@cnet.com	\N
951	Gloriana	Lazare	2052504535	3	2022-09-16 12:49:35.829181	t	glazareq5@diigo.com	\N
952	Derril	Cazereau	3255553323	4	2022-09-16 12:49:35.99154	t	dcazereauq3@plala.or.jp	\N
953	Prissie	Corben	5222121523	5	2022-09-16 12:49:36.112124	t	pcorbenq4@dot.gov	\N
954	Brendis	Dignan	4331242240	2	2022-09-16 12:49:36.154476	t	bdignanq2@youku.com	\N
955	Ronni	Girardi	1254543030	4	2022-09-16 12:49:36.251351	t	rgirardiqa@umich.edu	\N
956	Shannan	Bavester	2324232433	4	2022-09-16 12:49:36.475631	t	sbavesterqb@prlog.org	\N
957	Anabelle	Rottger	2112323515	5	2022-09-16 12:49:36.549416	t	arottgerqc@google.co.jp	\N
958	Marlin	De Vuyst	4222230322	4	2022-09-16 12:49:36.725363	t	mdevuystqd@oaic.gov.au	\N
959	Sharlene	Ryman	5523025234	1	2022-09-16 12:49:36.797329	t	srymanqe@webnode.com	\N
960	Orelie	Bangley	1123323341	4	2022-09-16 12:49:36.829961	t	obangleyqf@woothemes.com	\N
961	Janek	Beadham	3245214511	5	2022-09-16 12:49:36.853271	t	jbeadhamqg@mapy.cz	\N
962	Nadya	Larmet	5134540444	1	2022-09-16 12:49:37.145368	t	nlarmetqh@ca.gov	\N
963	Cole	Wichard	5132551534	1	2022-09-16 12:49:37.162279	t	cwichardqi@europa.eu	\N
964	Lottie	Tripony	4125234351	5	2022-09-16 12:49:37.23914	t	ltriponyqj@booking.com	\N
965	Brockie	Old	1445442444	5	2022-09-16 12:49:37.380726	t	boldqk@ucoz.ru	\N
966	Gretal	Seaman	5553455351	4	2022-09-16 12:49:37.396908	t	gseamanql@about.me	\N
967	Cissiee	Glencrash	1152054350	4	2022-09-16 12:49:37.409132	t	cglencrashqm@timesonline.co.uk	\N
968	Renie	Fancet	4053454355	5	2022-09-16 12:49:37.42202	t	rfancetqn@google.co.jp	\N
969	Danny	Ruston	355354241	2	2022-09-16 12:49:37.491187	t	drustonqo@w3.org	\N
970	Burk	Fairbrother	2254425054	2	2022-09-16 12:49:37.571972	t	bfairbrotherqp@sbwire.com	\N
971	Maxy	Brumfitt	5031525424	3	2022-09-16 12:49:37.680698	t	mbrumfittqq@tuttocitta.it	\N
972	Tynan	Champ	2305444552	4	2022-09-16 12:49:37.862402	t	tchampqr@pcworld.com	\N
973	Marlin	Spat	4554330144	3	2022-09-16 12:49:37.915667	t	mspatqs@geocities.com	\N
974	Lovell	Salzberger	314323052	4	2022-09-16 12:49:37.929405	t	lsalzbergerqt@ted.com	\N
975	Keelby	Karlolak	1534354554	4	2022-09-16 12:49:38.122982	t	kkarlolakqu@feedburner.com	\N
976	Cammy	Wrightham	3253521354	1	2022-09-16 12:49:38.232768	t	cwrighthamqv@i2i.jp	\N
977	Libby	Stickens	5242042320	3	2022-09-16 12:49:38.262394	t	lstickensqw@shareasale.com	\N
978	Corly	Lawlee	3142254334	3	2022-09-16 12:49:38.405862	t	clawleeqx@uol.com.br	\N
979	Guthrie	Durie	3121342042	1	2022-09-16 12:49:38.591496	t	gdurieqy@jalbum.net	\N
980	Jourdan	Skull	124155502	5	2022-09-16 12:49:38.622139	t	jskullqz@twitter.com	\N
981	Josepha	Watters	5532454431	5	2022-09-16 12:49:38.685861	t	jwattersr0@go.com	\N
982	Alyssa	Maleney	4514223325	5	2022-09-16 12:49:38.711674	t	amaleneyr1@smugmug.com	\N
983	Roxy	Lynett	4335343115	4	2022-09-16 12:49:38.757711	t	rlynettr2@google.com.br	\N
984	Melany	Hospital	1443221532	3	2022-09-16 12:49:38.81515	t	mhospitalr3@storify.com	\N
985	Dania	Lithgow	5512423052	5	2022-09-16 12:49:38.833247	t	dlithgowr4@pen.io	\N
986	Dyana	Charrisson	3335030501	2	2022-09-16 12:49:39.172826	t	dcharrissonr5@blogspot.com	\N
987	Zelda	Cotterill	2124345054	1	2022-09-16 12:49:39.346499	t	zcotterillr5@arstechnica.com	\N
988	Xever	Abrahams	4043525255	5	2022-09-16 12:49:39.413432	t	xabrahamsr3@mapy.cz	\N
989	Stuart	Casier	5243155545	4	2022-09-16 12:49:39.641981	t	scasierr4@samsung.com	\N
990	Dela	Vasilyonok	2124555314	5	2022-09-16 12:49:39.662209	t	dvasilyonokr2@surveymonkey.com	\N
991	Garwin	Hansed	144220253	2	2022-09-16 12:49:39.674786	t	ghansedra@furl.net	\N
992	Amitie	Laval	3532300525	1	2022-09-16 12:49:39.812837	t	alavalrb@github.com	\N
993	Gene	Wilding	5553244514	4	2022-09-16 12:49:39.893335	t	gwildingrc@state.gov	\N
994	Carmela	Pittson	4545432250	3	2022-09-16 12:49:40.003661	t	cpittsonrd@mayoclinic.com	\N
995	Phineas	Ciccoloi	5322203124	3	2022-09-16 12:49:40.129554	t	pciccoloire@marketwatch.com	\N
996	Elaina	Stephen	1325250413	2	2022-09-16 12:49:40.247653	t	estephenrf@sohu.com	\N
997	Julian	Vanyashkin	4135353235	1	2022-09-16 12:49:40.302115	t	jvanyashkinrg@arstechnica.com	\N
998	Trefor	de Copeman	2442435345	4	2022-09-16 12:49:40.315919	t	tdecopemanrh@ucsd.edu	\N
999	Leonora	Early	2424553515	2	2022-09-16 12:49:40.348007	t	learlyri@xrea.com	\N
1000	Thayne	Cloonan	5553032423	4	2022-09-16 12:49:40.522959	t	tcloonanrj@irs.gov	\N
1001	Gabriell	Fibbens	1243221343	2	2022-09-16 12:49:40.558751	t	gfibbensrk@lulu.com	\N
1002	Clarine	Hunnywell	1224154331	4	2022-09-16 12:49:40.573281	t	chunnywellrl@mlb.com	\N
1003	Malena	Veivers	3254554323	3	2022-09-16 12:49:40.59142	t	mveiversrm@free.fr	\N
1004	Tiffani	Hallbord	5435322201	3	2022-09-16 12:49:40.617917	t	thallbordrn@free.fr	\N
1005	Marley	Langelay	5213545204	2	2022-09-16 12:49:40.633647	t	mlangelayro@facebook.com	\N
1006	Megan	Abendroth	5531253415	5	2022-09-16 12:49:40.804187	t	mabendrothrp@simplemachines.org	\N
1007	Boyce	Lyttle	2234241414	3	2022-09-16 12:49:40.823904	t	blyttlerq@prlog.org	\N
1008	Lynnette	Hofler	2201144344	2	2022-09-16 12:49:40.866608	t	lhoflerrr@umich.edu	\N
1009	Elbek	Nurmatov	99890	\N	2022-09-17 12:26:50.94596	t	saaa12@gmail.com	\N
2	test_45ba5cbc8847	test_3d493bdc9078	test_453a28d88f0e	2	2022-09-07 17:50:33.940501	f	\N	\N
\.


--
-- Data for Name: subject; Type: TABLE DATA; Schema: public; Owner: postgres
--

COPY public.subject (id, name, tag, created_date, class_id, is_active) FROM stdin;
1	Math	\N	2022-09-16 16:53:42	1	t
2	Geometry	\N	2022-09-16 11:54:06.706728	1	t
3	English\n	\N	2022-09-17 13:48:08.41081	1	t
\.


--
-- Name: class_id_seq; Type: SEQUENCE SET; Schema: public; Owner: postgres
--

SELECT pg_catalog.setval('public.class_id_seq', 10, true);


--
-- Name: groups_id_seq; Type: SEQUENCE SET; Schema: public; Owner: postgres
--

SELECT pg_catalog.setval('public.groups_id_seq', 5, true);


--
-- Name: mark_id_seq; Type: SEQUENCE SET; Schema: public; Owner: postgres
--

SELECT pg_catalog.setval('public.mark_id_seq', 9, true);


--
-- Name: my_query_id_seq; Type: SEQUENCE SET; Schema: public; Owner: postgres
--

SELECT pg_catalog.setval('public.my_query_id_seq', 13, true);


--
-- Name: students_id_seq; Type: SEQUENCE SET; Schema: public; Owner: postgres
--

SELECT pg_catalog.setval('public.students_id_seq', 1010, true);


--
-- Name: subject_id_seq; Type: SEQUENCE SET; Schema: public; Owner: postgres
--

SELECT pg_catalog.setval('public.subject_id_seq', 2, true);


--
-- Name: class class_pkey; Type: CONSTRAINT; Schema: public; Owner: postgres
--

ALTER TABLE ONLY public.class
    ADD CONSTRAINT class_pkey PRIMARY KEY (id);


--
-- Name: groups groups_pkey; Type: CONSTRAINT; Schema: public; Owner: postgres
--

ALTER TABLE ONLY public.groups
    ADD CONSTRAINT groups_pkey PRIMARY KEY (id);


--
-- Name: mark mark_pkey; Type: CONSTRAINT; Schema: public; Owner: postgres
--

ALTER TABLE ONLY public.mark
    ADD CONSTRAINT mark_pkey PRIMARY KEY (id);


--
-- Name: my_query my_query_key_key; Type: CONSTRAINT; Schema: public; Owner: postgres
--

ALTER TABLE ONLY public.my_query
    ADD CONSTRAINT my_query_key_key UNIQUE (key);


--
-- Name: my_query my_query_pkey; Type: CONSTRAINT; Schema: public; Owner: postgres
--

ALTER TABLE ONLY public.my_query
    ADD CONSTRAINT my_query_pkey PRIMARY KEY (id);


--
-- Name: students students_pkey; Type: CONSTRAINT; Schema: public; Owner: postgres
--

ALTER TABLE ONLY public.students
    ADD CONSTRAINT students_pkey PRIMARY KEY (id);


--
-- Name: subject subject_pkey; Type: CONSTRAINT; Schema: public; Owner: postgres
--

ALTER TABLE ONLY public.subject
    ADD CONSTRAINT subject_pkey PRIMARY KEY (id);


--
-- Name: students_email_uindex; Type: INDEX; Schema: public; Owner: postgres
--

CREATE UNIQUE INDEX students_email_uindex ON public.students USING btree (email);


--
-- Name: groups groups_class_id_fkey; Type: FK CONSTRAINT; Schema: public; Owner: postgres
--

ALTER TABLE ONLY public.groups
    ADD CONSTRAINT groups_class_id_fkey FOREIGN KEY (class_id) REFERENCES public.class(id);


--
-- Name: mark mark_class_id_fkey; Type: FK CONSTRAINT; Schema: public; Owner: postgres
--

ALTER TABLE ONLY public.mark
    ADD CONSTRAINT mark_class_id_fkey FOREIGN KEY (class_id) REFERENCES public.class(id);


--
-- Name: mark mark_student_id_fkey; Type: FK CONSTRAINT; Schema: public; Owner: postgres
--

ALTER TABLE ONLY public.mark
    ADD CONSTRAINT mark_student_id_fkey FOREIGN KEY (student_id) REFERENCES public.students(id);


--
-- Name: mark mark_subject_id_fkey; Type: FK CONSTRAINT; Schema: public; Owner: postgres
--

ALTER TABLE ONLY public.mark
    ADD CONSTRAINT mark_subject_id_fkey FOREIGN KEY (subject_id) REFERENCES public.subject(id);


--
-- Name: students students_group_id_fkey; Type: FK CONSTRAINT; Schema: public; Owner: postgres
--

ALTER TABLE ONLY public.students
    ADD CONSTRAINT students_group_id_fkey FOREIGN KEY (group_id) REFERENCES public.groups(id);


--
-- Name: subject subject_class_id_fkey; Type: FK CONSTRAINT; Schema: public; Owner: postgres
--

ALTER TABLE ONLY public.subject
    ADD CONSTRAINT subject_class_id_fkey FOREIGN KEY (class_id) REFERENCES public.class(id);


--
-- PostgreSQL database dump complete
--

